pair_key,source_id,target_id,source_label,target_label,source_bucket,target_bucket,cross_field,score,base_score,duplicate_penalty,path_support_norm,gap_bonus,mediator_count,motif_count,cooc_count,direct_link_status,supporting_path_count,why_now,recommended_move,slice_label,public_pair_label,top_mediator_labels,top_countries_source,top_countries_target,source_context_summary,target_context_summary,app_link
FG3C000010__FG3C000019,FG3C000019,FG3C000010,investment,carbon emissions,core,adjacent,True,0.240703,0.266432,0.025729,0.068198,1.0,38,36,0,No direct papers yet,38,"investment and carbon emissions are close in the surrounding graph, but the public sample shows no direct papers linking them yet.",Start with a bridge review or cross-field pilot.,Missing direct link,investment and carbon emissions,"['economic growth', 'economic growth (GDP)', 'technological innovation']","['China', 'United States', 'USA']","['China', 'CHN', 'India']","China, United States, and related settings","China, CHN, and related settings",https://economics-opportunity-ranker-beta-1058669339361.us-central1.run.app?search=investment%20-%3E%20carbon%20emissions
FG3C000003__FG3C000208,FG3C000208,FG3C000003,public debt,CO2 emissions,core,adjacent,True,0.220927,0.327948,0.107021,0.249676,1.0,23,23,0,No direct papers yet,23,"public debt and CO2 emissions are close in the surrounding graph, but the public sample shows no direct papers linking them yet.",Start with a bridge review or cross-field pilot.,Missing direct link,public debt and CO2 emissions,"['economic growth', 'financial development', 'renewable energy consumption']","['United States', 'Africa', 'China']","['China', 'India', 'CHN']","United States, Africa, and related settings","China, India, and related settings",https://economics-opportunity-ranker-beta-1058669339361.us-central1.run.app?search=public%20debt%20-%3E%20CO2%20emissions
FG3C000030__FG3C001420,FG3C000030,FG3C001420,innovation,environmental quality (CO2 emissions),core,adjacent,True,0.210825,0.232088,0.021263,0.02659,1.0,21,19,0,No direct papers yet,21,"innovation and environmental quality (CO2 emissions) are close in the surrounding graph, but the public sample shows no direct papers linking them yet.",Start with a bridge review or cross-field pilot.,Missing direct link,innovation and environmental quality,"['economic growth', 'renewable energy consumption', 'urbanization']","['China', 'Italy', 'CHN']","['China', 'United States', 'Italy']","China, Italy, and related settings","China, United States, and related settings",https://economics-opportunity-ranker-beta-1058669339361.us-central1.run.app?search=innovation%20-%3E%20environmental%20quality%20%28CO2%20emissions%29
FG3C000010__FG3C003971,FG3C003971,FG3C000010,foreign direct investment (FDI) flows,carbon emissions,core,adjacent,True,0.207968,0.226135,0.018166,0.00429,1.0,21,26,0,No direct papers yet,21,"foreign direct investment (FDI) flows and carbon emissions are close in the surrounding graph, but the public sample shows no direct papers linking them yet.",Start with a bridge review or cross-field pilot.,Missing direct link,foreign direct investment (FDI) flows and carbon emissions,"['energy intensity', 'foreign direct investments', 'trade']","['China', 'Poland', 'DEU']","['China', 'CHN', 'India']","China, Poland, and related settings","China, CHN, and related settings",https://economics-opportunity-ranker-beta-1058669339361.us-central1.run.app?search=foreign%20direct%20investment%20%28FDI%29%20flows%20-%3E%20carbon%20emissions
FG3C000014__FG3C001221,FG3C001221,FG3C000014,trade liberalisation,energy consumption,core,adjacent,True,0.20594,0.220632,0.014691,0.02533,1.0,5,4,0,No direct papers yet,5,"trade liberalisation and energy consumption are close in the surrounding graph, but the public sample shows no direct papers linking them yet.",Start with a bridge review or cross-field pilot.,Missing direct link,trade liberalisation and energy consumption,"['economic growth', 'foreign direct investments', 'trade liberalization']","['India', 'Nepal', 'developing countries']","['China', 'India', 'Pakistan']","India, Nepal, and related settings","China, India, and related settings",https://economics-opportunity-ranker-beta-1058669339361.us-central1.run.app?search=trade%20liberalisation%20-%3E%20energy%20consumption
FG3C000019__FG3C000081,FG3C000019,FG3C000081,investment,environmental quality,core,adjacent,True,0.200469,0.220387,0.019917,0.011895,1.0,21,19,0,No direct papers yet,21,"investment and environmental quality are close in the surrounding graph, but the public sample shows no direct papers linking them yet.",Start with a bridge review or cross-field pilot.,Missing direct link,investment and environmental quality,"['economic growth', 'technological innovation', 'economic growth (GDP)']","['China', 'United States', 'USA']","['China', 'India', 'CHN']","China, United States, and related settings","China, India, and related settings",https://economics-opportunity-ranker-beta-1058669339361.us-central1.run.app?search=investment%20-%3E%20environmental%20quality
FG3C000014__FG3C000024,FG3C000024,FG3C000014,monetary policy,energy consumption,core,adjacent,True,0.200003,0.218595,0.018592,0.004562,1.0,23,23,0,No direct papers yet,23,"monetary policy and energy consumption are close in the surrounding graph, but the public sample shows no direct papers linking them yet.",Start with a bridge review or cross-field pilot.,Missing direct link,monetary policy and energy consumption,"['income', 'output', 'income inequality']","['United States', 'China', 'USA']","['China', 'India', 'Pakistan']","United States, China, and related settings","China, India, and related settings",https://economics-opportunity-ranker-beta-1058669339361.us-central1.run.app?search=monetary%20policy%20-%3E%20energy%20consumption
FG3C000012__FG3C000110,FG3C000012,FG3C000110,urbanization,output growth,adjacent,core,True,0.199147,0.222935,0.023787,0.015976,1.0,17,17,0,No direct papers yet,17,"urbanization and output growth are close in the surrounding graph, but the public sample shows no direct papers linking them yet.",Start with a bridge review or cross-field pilot.,Missing direct link,output growth and urbanization,"['CO2 emissions', 'energy consumption', 'energy use']","['China', 'India', 'CHN']","['United States', 'China', 'United Kingdom']","China, India, and related settings","United States, China, and related settings",https://economics-opportunity-ranker-beta-1058669339361.us-central1.run.app?search=urbanization%20-%3E%20output%20growth
FG3C000053__FG3C001307,FG3C000053,FG3C001307,green innovation,load capacity factor (LCF),adjacent,adjacent,False,0.199088,0.217871,0.018783,0.004732,1.0,16,17,0,No direct papers yet,16,"green innovation and load capacity factor (LCF) are close in the surrounding graph, but the public sample shows no direct papers linking them yet.","Treat this as a missing direct test, not a settled result.",Missing direct link,green innovation and load capacity factor,"['renewable energy consumption', 'natural resource rents', 'energy transition']","['China', 'CHN', 'OECD']","['India', 'Brazil', 'China']","China, CHN, and related settings","India, Brazil, and related settings",https://economics-opportunity-ranker-beta-1058669339361.us-central1.run.app?search=green%20innovation%20-%3E%20load%20capacity%20factor%20%28LCF%29
FG3C000046__FG3C000203,FG3C000046,FG3C000203,exports,environmental pollution,core,adjacent,True,0.198215,0.227569,0.029354,0.016699,1.0,24,22,0,No direct papers yet,24,"exports and environmental pollution are close in the surrounding graph, but the public sample shows no direct papers linking them yet.",Start with a bridge review or cross-field pilot.,Missing direct link,exports and environmental pollution,"['economic growth', 'energy consumption', 'urbanization']","['China', 'USA', 'United States']","['China', 'CHN', 'Germany']","China, USA, and related settings","China, CHN, and related settings",https://economics-opportunity-ranker-beta-1058669339361.us-central1.run.app?search=exports%20-%3E%20environmental%20pollution
FG3C000010__FG3C001758,FG3C001758,FG3C000010,inward foreign direct investment (FDI),carbon emissions,core,adjacent,True,0.197754,0.218908,0.021155,0.008881,1.0,20,19,0,No direct papers yet,20,"inward foreign direct investment (FDI) and carbon emissions are close in the surrounding graph, but the public sample shows no direct papers linking them yet.",Start with a bridge review or cross-field pilot.,Missing direct link,inward foreign direct investment (FDI) and carbon emissions,"['energy consumption', 'green technology innovation', 'per capita income']","['China', 'CHN', 'European Union']","['China', 'CHN', 'India']","China, CHN, and related settings","China, CHN, and related settings",https://economics-opportunity-ranker-beta-1058669339361.us-central1.run.app?search=inward%20foreign%20direct%20investment%20%28FDI%29%20-%3E%20carbon%20emissions
FG3C001308__FG3C001420,FG3C001308,FG3C001420,mineral rents,environmental quality (CO2 emissions),adjacent,adjacent,False,0.196464,0.216432,0.019968,0.013385,1.0,9,8,0,No direct papers yet,9,"mineral rents and environmental quality (CO2 emissions) are close in the surrounding graph, but the public sample shows no direct papers linking them yet.","Treat this as a missing direct test, not a settled result.",Missing direct link,environmental quality and mineral rents,"['economic growth', 'financial development', 'technological innovation']","['China', 'Brazil', 'Russia']","['China', 'United States', 'Italy']","China, Brazil, and related settings","China, United States, and related settings",https://economics-opportunity-ranker-beta-1058669339361.us-central1.run.app?search=mineral%20rents%20-%3E%20environmental%20quality%20%28CO2%20emissions%29
FG3C000010__FG3C000339,FG3C000339,FG3C000010,distance,carbon emissions,core,adjacent,True,0.196378,0.215967,0.019589,0.005928,1.0,14,14,0,No direct papers yet,14,"distance and carbon emissions are close in the surrounding graph, but the public sample shows no direct papers linking them yet.",Start with a bridge review or cross-field pilot.,Missing direct link,distance and carbon emissions,"['foreign direct investments', 'population size', 'income']","['China', 'United States', 'GBR']","['China', 'CHN', 'India']","China, United States, and related settings","China, CHN, and related settings",https://economics-opportunity-ranker-beta-1058669339361.us-central1.run.app?search=distance%20-%3E%20carbon%20emissions
FG3C000203__FG3C000841,FG3C000841,FG3C000203,oil rents,environmental pollution,adjacent,adjacent,False,0.195636,0.215416,0.01978,0.008553,1.0,13,11,0,No direct papers yet,13,"oil rents and environmental pollution are close in the surrounding graph, but the public sample shows no direct papers linking them yet.","Treat this as a missing direct test, not a settled result.",Missing direct link,environmental pollution and oil rents,"['economic growth', 'financial development', 'trade openness']","['China', 'BRICS', 'Pakistan']","['China', 'CHN', 'Germany']","China, BRICS, and related settings","China, CHN, and related settings",https://economics-opportunity-ranker-beta-1058669339361.us-central1.run.app?search=oil%20rents%20-%3E%20environmental%20pollution
FG3C000126__FG3C001420,FG3C000126,FG3C001420,imports,environmental quality (CO2 emissions),core,adjacent,True,0.195175,0.221009,0.025834,0.018112,1.0,9,8,0,No direct papers yet,9,"imports and environmental quality (CO2 emissions) are close in the surrounding graph, but the public sample shows no direct papers linking them yet.",Start with a bridge review or cross-field pilot.,Missing direct link,imports and environmental quality,"['economic growth', 'renewable energy consumption', 'energy consumption']","['China', 'United States', 'OECD']","['China', 'United States', 'Italy']","China, United States, and related settings","China, United States, and related settings",https://economics-opportunity-ranker-beta-1058669339361.us-central1.run.app?search=imports%20-%3E%20environmental%20quality%20%28CO2%20emissions%29
FG3C000001__FG3C004465,FG3C004465,FG3C000001,international sanctions,economic growth,core,adjacent,True,0.194606,0.21513,0.020524,0.004778,1.0,15,15,0,No direct papers yet,15,"international sanctions and economic growth are close in the surrounding graph, but the public sample shows no direct papers linking them yet.",Start with a bridge review or cross-field pilot.,Missing direct link,international sanctions and economic growth,"['foreign direct investment', 'trade', 'investment']","['Iran', 'China', 'Russia']","['China', 'India', 'CHN']","Iran, China, and related settings","China, India, and related settings",https://economics-opportunity-ranker-beta-1058669339361.us-central1.run.app?search=international%20sanctions%20-%3E%20economic%20growth
FG3C000010__FG3C004120,FG3C004120,FG3C000010,uncertainty measures,carbon emissions,core,adjacent,True,0.194593,0.213119,0.018526,0.008364,1.0,19,18,0,No direct papers yet,19,"uncertainty measures and carbon emissions are close in the surrounding graph, but the public sample shows no direct papers linking them yet.",Start with a bridge review or cross-field pilot.,Missing direct link,uncertainty measures and carbon emissions,"['renewable energy consumption', 'environmental regulation', 'economic policy uncertainty (EPU)']","['United States', 'USA', 'China']","['China', 'CHN', 'India']","United States, USA, and related settings","China, CHN, and related settings",https://economics-opportunity-ranker-beta-1058669339361.us-central1.run.app?search=uncertainty%20measures%20-%3E%20carbon%20emissions
FG3C000001__FG3C000408,FG3C000408,FG3C000001,relative prices,economic growth,core,adjacent,True,0.194487,0.212342,0.017856,0.003512,1.0,12,12,0,No direct papers yet,12,"relative prices and economic growth are close in the surrounding graph, but the public sample shows no direct papers linking them yet.",Start with a bridge review or cross-field pilot.,Missing direct link,relative prices and economic growth,"['inflation rate', 'imports', 'investment']","['United States', 'Mexico', 'Turkey']","['China', 'India', 'CHN']","United States, Mexico, and related settings","China, India, and related settings",https://economics-opportunity-ranker-beta-1058669339361.us-central1.run.app?search=relative%20prices%20-%3E%20economic%20growth
FG3C000014__FG3C003028,FG3C003028,FG3C000014,vector autoregressive (VAR) model,energy consumption,core,adjacent,True,0.194025,0.207595,0.01357,0.002365,1.0,6,7,0,No direct papers yet,6,"vector autoregressive (VAR) model and energy consumption are close in the surrounding graph, but the public sample shows no direct papers linking them yet.",Start with a bridge review or cross-field pilot.,Missing direct link,vector autoregressive (VAR) model and energy consumption,"['urbanization', 'economic growth (GDP)', 'oil price shocks']","['China', 'United States', 'USA']","['China', 'India', 'Pakistan']","China, United States, and related settings","China, India, and related settings",https://economics-opportunity-ranker-beta-1058669339361.us-central1.run.app?search=vector%20autoregressive%20%28VAR%29%20model%20-%3E%20energy%20consumption
FG3C000010__FG3C002301,FG3C002301,FG3C000010,model,carbon emissions,core,adjacent,True,0.193924,0.211104,0.01718,0.001055,1.0,16,19,0,No direct papers yet,16,"model and carbon emissions are close in the surrounding graph, but the public sample shows no direct papers linking them yet.",Start with a bridge review or cross-field pilot.,Missing direct link,model and carbon emissions,"['resource efficiency', 'production technology', 'innovation']","['China', 'United States', 'USA']","['China', 'CHN', 'India']","China, United States, and related settings","China, CHN, and related settings",https://economics-opportunity-ranker-beta-1058669339361.us-central1.run.app?search=model%20-%3E%20carbon%20emissions
FG3C000001__FG3C003890,FG3C003890,FG3C000001,export subsidy,economic growth,core,adjacent,True,0.193794,0.205452,0.011658,0.001093,1.0,5,6,0,No direct papers yet,5,"export subsidy and economic growth are close in the surrounding graph, but the public sample shows no direct papers linking them yet.",Start with a bridge review or cross-field pilot.,Missing direct link,export subsidy and economic growth,"['exports', 'welfare', 'exchange rate volatility']","['CHN', 'USA']","['China', 'India', 'CHN']",CHN and USA,"China, India, and related settings",https://economics-opportunity-ranker-beta-1058669339361.us-central1.run.app?search=export%20subsidy%20-%3E%20economic%20growth
FG3C000199__FG3C001420,FG3C000199,FG3C001420,economic complexity,environmental quality (CO2 emissions),adjacent,adjacent,False,0.193714,0.224292,0.030579,0.014987,1.0,20,20,0,No direct papers yet,20,"economic complexity and environmental quality (CO2 emissions) are close in the surrounding graph, but the public sample shows no direct papers linking them yet.","Treat this as a missing direct test, not a settled result.",Missing direct link,economic complexity and environmental quality,"['economic growth', 'renewable energy consumption', 'financial development']","['China', 'G7', 'South Africa']","['China', 'United States', 'Italy']","China, G7, and related settings","China, United States, and related settings",https://economics-opportunity-ranker-beta-1058669339361.us-central1.run.app?search=economic%20complexity%20-%3E%20environmental%20quality%20%28CO2%20emissions%29
FG3C000084__FG3C001420,FG3C000084,FG3C001420,capital accumulation,environmental quality (CO2 emissions),core,adjacent,True,0.193641,0.216256,0.022615,0.015384,1.0,8,6,0,No direct papers yet,8,"capital accumulation and environmental quality (CO2 emissions) are close in the surrounding graph, but the public sample shows no direct papers linking them yet.",Start with a bridge review or cross-field pilot.,Missing direct link,capital accumulation and environmental quality,"['economic growth', 'financial development', 'natural resources']","['United States', 'China', 'Mexico']","['China', 'United States', 'Italy']","United States, China, and related settings","China, United States, and related settings",https://economics-opportunity-ranker-beta-1058669339361.us-central1.run.app?search=capital%20accumulation%20-%3E%20environmental%20quality%20%28CO2%20emissions%29
FG3C000019__FG3C000036,FG3C000036,FG3C000019,institutional quality,investment,adjacent,core,True,0.193483,0.219032,0.025548,0.005325,1.0,27,25,0,No direct papers yet,27,"institutional quality and investment are close in the surrounding graph, but the public sample shows no direct papers linking them yet.",Start with a bridge review or cross-field pilot.,Missing direct link,investment and institutional quality,"['economic growth', 'public debt', 'savings']","['China', 'India', 'OECD']","['China', 'United States', 'USA']","China, India, and related settings","China, United States, and related settings",https://economics-opportunity-ranker-beta-1058669339361.us-central1.run.app?search=institutional%20quality%20-%3E%20investment
FG3C000126__FG3C000203,FG3C000126,FG3C000203,imports,environmental pollution,core,adjacent,True,0.193373,0.216638,0.023265,0.009743,1.0,14,13,0,No direct papers yet,14,"imports and environmental pollution are close in the surrounding graph, but the public sample shows no direct papers linking them yet.",Start with a bridge review or cross-field pilot.,Missing direct link,imports and environmental pollution,"['economic growth', 'energy consumption', 'renewable energy consumption']","['China', 'United States', 'OECD']","['China', 'CHN', 'Germany']","China, United States, and related settings","China, CHN, and related settings",https://economics-opportunity-ranker-beta-1058669339361.us-central1.run.app?search=imports%20-%3E%20environmental%20pollution
FG3C000001__FG3C004938,FG3C004938,FG3C000001,voluntary export restraints (VERs),economic growth,core,adjacent,True,0.193021,0.203639,0.010618,0.001105,1.0,3,3,0,No direct papers yet,3,"voluntary export restraints (VERs) and economic growth are close in the surrounding graph, but the public sample shows no direct papers linking them yet.",Start with a bridge review or cross-field pilot.,Missing direct link,voluntary export restraints (VERs) and economic growth,"['foreign direct investments', 'tariffs', 'profitability']",['Japan'],"['China', 'India', 'CHN']",Japan,"China, India, and related settings",https://economics-opportunity-ranker-beta-1058669339361.us-central1.run.app?search=voluntary%20export%20restraints%20%28VERs%29%20-%3E%20economic%20growth
FG3C000001__FG3C000606,FG3C000606,FG3C000001,aggregate demand shocks,economic growth,core,adjacent,True,0.192811,0.211035,0.018224,0.004335,1.0,13,13,0,No direct papers yet,13,"aggregate demand shocks and economic growth are close in the surrounding graph, but the public sample shows no direct papers linking them yet.",Start with a bridge review or cross-field pilot.,Missing direct link,aggregate demand shocks and economic growth,"['inflation', 'nominal interest rate', 'oil production']","['USA', 'United States', 'United Kingdom']","['China', 'India', 'CHN']","USA, United States, and related settings","China, India, and related settings",https://economics-opportunity-ranker-beta-1058669339361.us-central1.run.app?search=aggregate%20demand%20shocks%20-%3E%20economic%20growth
FG3C000019__FG3C001307,FG3C000019,FG3C001307,investment,load capacity factor (LCF),core,adjacent,True,0.192543,0.209346,0.016802,0.004793,1.0,7,7,0,No direct papers yet,7,"investment and load capacity factor (LCF) are close in the surrounding graph, but the public sample shows no direct papers linking them yet.",Start with a bridge review or cross-field pilot.,Missing direct link,investment and load capacity factor,"['economic growth', 'economic growth (GDP)', 'technological innovation']","['China', 'United States', 'USA']","['India', 'Brazil', 'China']","China, United States, and related settings","India, Brazil, and related settings",https://economics-opportunity-ranker-beta-1058669339361.us-central1.run.app?search=investment%20-%3E%20load%20capacity%20factor%20%28LCF%29
FG3C000001__FG3C001758,FG3C001758,FG3C000001,inward foreign direct investment (FDI),economic growth,core,adjacent,True,0.192538,0.216603,0.024066,0.009742,1.0,19,18,0,No direct papers yet,19,"inward foreign direct investment (FDI) and economic growth are close in the surrounding graph, but the public sample shows no direct papers linking them yet.",Start with a bridge review or cross-field pilot.,Missing direct link,inward foreign direct investment (FDI) and economic growth,"['energy consumption', 'exports', 'natural resource rents']","['China', 'CHN', 'European Union']","['China', 'India', 'CHN']","China, CHN, and related settings","China, India, and related settings",https://economics-opportunity-ranker-beta-1058669339361.us-central1.run.app?search=inward%20foreign%20direct%20investment%20%28FDI%29%20-%3E%20economic%20growth
FG3C000001__FG3C000963,FG3C000963,FG3C000001,import competition,economic growth,core,adjacent,True,0.192465,0.211801,0.019336,0.003603,1.0,16,15,0,No direct papers yet,16,"import competition and economic growth are close in the surrounding graph, but the public sample shows no direct papers linking them yet.",Start with a bridge review or cross-field pilot.,Missing direct link,import competition and economic growth,"['foreign direct investments', 'exports', 'R&D']","['China', 'United States', 'Mexico']","['China', 'India', 'CHN']","China, United States, and related settings","China, India, and related settings",https://economics-opportunity-ranker-beta-1058669339361.us-central1.run.app?search=import%20competition%20-%3E%20economic%20growth
FG3C000001__FG3C001414,FG3C001414,FG3C000001,tariff,economic growth,core,adjacent,True,0.191933,0.208023,0.01609,0.001391,1.0,15,14,0,No direct papers yet,15,"tariff and economic growth are close in the surrounding graph, but the public sample shows no direct papers linking them yet.",Start with a bridge review or cross-field pilot.,Missing direct link,tariff and economic growth,"['imports', 'welfare', 'productivity']","['United States', 'China', 'developing countries']","['China', 'India', 'CHN']","United States, China, and related settings","China, India, and related settings",https://economics-opportunity-ranker-beta-1058669339361.us-central1.run.app?search=tariff%20-%3E%20economic%20growth
FG3C000019__FG3C002002,FG3C000019,FG3C002002,investment,CO2 emissions (environmental quality),core,adjacent,True,0.191866,0.206109,0.014243,0.002522,1.0,6,5,0,No direct papers yet,6,"investment and CO2 emissions (environmental quality) are close in the surrounding graph, but the public sample shows no direct papers linking them yet.",Start with a bridge review or cross-field pilot.,Missing direct link,investment and CO2 emissions (environmental quality),"['economic growth', 'economic growth (GDP)', 'technological innovation']","['China', 'United States', 'USA']","['OECD', 'Brazil', 'India']","China, United States, and related settings","OECD, Brazil, and related settings",https://economics-opportunity-ranker-beta-1058669339361.us-central1.run.app?search=investment%20-%3E%20CO2%20emissions%20%28environmental%20quality%29
FG3C000246__FG3C001308,FG3C001308,FG3C000246,mineral rents,green growth,adjacent,adjacent,False,0.191154,0.209382,0.018228,0.002273,1.0,11,10,0,No direct papers yet,11,"mineral rents and green growth are close in the surrounding graph, but the public sample shows no direct papers linking them yet.","Treat this as a missing direct test, not a settled result.",Missing direct link,green growth and mineral rents,"['financial development', 'trade openness', 'gross fixed capital formation']","['China', 'Brazil', 'Russia']","['China', 'OECD', 'CHN']","China, Brazil, and related settings","China, OECD, and related settings",https://economics-opportunity-ranker-beta-1058669339361.us-central1.run.app?search=mineral%20rents%20-%3E%20green%20growth
FG3C000010__FG3C000216,FG3C000216,FG3C000010,money,carbon emissions,core,adjacent,True,0.191041,0.2089,0.01786,0.003642,1.0,10,10,0,No direct papers yet,10,"money and carbon emissions are close in the surrounding graph, but the public sample shows no direct papers linking them yet.",Start with a bridge review or cross-field pilot.,Missing direct link,money and carbon emissions,"['income', 'inflation', 'real output']","['United States', 'United Kingdom', 'Germany']","['China', 'CHN', 'India']","United States, United Kingdom, and related settings","China, CHN, and related settings",https://economics-opportunity-ranker-beta-1058669339361.us-central1.run.app?search=money%20-%3E%20carbon%20emissions
FG3C000010__FG3C006093,FG3C006093,FG3C000010,service frequency,carbon emissions,adjacent,adjacent,False,0.191035,0.207061,0.016025,0.003412,1.0,5,4,0,No direct papers yet,5,"service frequency and carbon emissions are close in the surrounding graph, but the public sample shows no direct papers linking them yet.","Treat this as a missing direct test, not a settled result.",Missing direct link,carbon emissions and service frequency,"['technological innovation', 'industrial structure', 'aircraft size']","['China', 'CHN', 'CZE']","['China', 'CHN', 'India']","China, CHN, and related settings","China, CHN, and related settings",https://economics-opportunity-ranker-beta-1058669339361.us-central1.run.app?search=service%20frequency%20-%3E%20carbon%20emissions
FG3C000001__FG3C001758,FG3C000001,FG3C001758,economic growth,inward foreign direct investment (FDI),adjacent,core,True,0.190578,0.214644,0.024066,0.012019,1.0,8,7,0,No direct papers yet,8,"economic growth and inward foreign direct investment (FDI) are close in the surrounding graph, but the public sample shows no direct papers linking them yet.",Start with a bridge review or cross-field pilot.,Missing direct link,inward foreign direct investment (FDI) and economic growth,"['CO2 emissions', 'renewable energy', 'sustainable development']","['China', 'India', 'CHN']","['China', 'CHN', 'European Union']","China, India, and related settings","China, CHN, and related settings",https://economics-opportunity-ranker-beta-1058669339361.us-central1.run.app?search=economic%20growth%20-%3E%20inward%20foreign%20direct%20investment%20%28FDI%29
FG3C000126__FG3C000246,FG3C000126,FG3C000246,imports,green growth,core,adjacent,True,0.190518,0.211395,0.020877,0.004996,1.0,13,11,0,No direct papers yet,13,"imports and green growth are close in the surrounding graph, but the public sample shows no direct papers linking them yet.",Start with a bridge review or cross-field pilot.,Missing direct link,imports and green growth,"['renewable energy consumption', 'carbon emissions', 'human capital']","['China', 'United States', 'OECD']","['China', 'OECD', 'CHN']","China, United States, and related settings","China, OECD, and related settings",https://economics-opportunity-ranker-beta-1058669339361.us-central1.run.app?search=imports%20-%3E%20green%20growth
FG3C000203__FG3C006302,FG3C006302,FG3C000203,ICT infrastructure,environmental pollution,adjacent,adjacent,False,0.1905,0.205964,0.015463,0.003715,1.0,4,3,0,No direct papers yet,4,"ICT infrastructure and environmental pollution are close in the surrounding graph, but the public sample shows no direct papers linking them yet.","Treat this as a missing direct test, not a settled result.",Missing direct link,environmental pollution and ICT infrastructure,"['economic growth', 'innovation', 'size of the informal economy']","['China', 'Vietnam', 'Greece']","['China', 'CHN', 'Germany']","China, Vietnam, and related settings","China, CHN, and related settings",https://economics-opportunity-ranker-beta-1058669339361.us-central1.run.app?search=ICT%20infrastructure%20-%3E%20environmental%20pollution
FG3C000014__FG3C000222,FG3C000222,FG3C000014,money supply,energy consumption,core,adjacent,True,0.190138,0.209582,0.019444,0.003058,1.0,11,12,0,No direct papers yet,11,"money supply and energy consumption are close in the surrounding graph, but the public sample shows no direct papers linking them yet.",Start with a bridge review or cross-field pilot.,Missing direct link,money supply and energy consumption,"['income', 'output', 'real income']","['United States', 'China', 'Pakistan']","['China', 'India', 'Pakistan']","United States, China, and related settings","China, India, and related settings",https://economics-opportunity-ranker-beta-1058669339361.us-central1.run.app?search=money%20supply%20-%3E%20energy%20consumption
FG3C000010__FG3C005786,FG3C005786,FG3C000010,output levels,carbon emissions,core,adjacent,True,0.190039,0.20724,0.017201,0.001512,1.0,5,7,0,No direct papers yet,5,"output levels and carbon emissions are close in the surrounding graph, but the public sample shows no direct papers linking them yet.",Start with a bridge review or cross-field pilot.,Missing direct link,output levels and carbon emissions,"['energy use', 'energy productivity', 'tourist arrivals']","['China', 'United States', 'Spain']","['China', 'CHN', 'India']","China, United States, and related settings","China, CHN, and related settings",https://economics-opportunity-ranker-beta-1058669339361.us-central1.run.app?search=output%20levels%20-%3E%20carbon%20emissions
FG3C000010__FG3C000019,FG3C000010,FG3C000019,carbon emissions,investment,adjacent,core,True,0.18992,0.215649,0.025729,0.006003,1.0,18,16,0,No direct papers yet,18,"carbon emissions and investment are close in the surrounding graph, but the public sample shows no direct papers linking them yet.",Start with a bridge review or cross-field pilot.,Missing direct link,investment and carbon emissions,"['economic growth', 'trade openness', 'environmental taxes']","['China', 'CHN', 'India']","['China', 'United States', 'USA']","China, CHN, and related settings","China, United States, and related settings",https://economics-opportunity-ranker-beta-1058669339361.us-central1.run.app?search=carbon%20emissions%20-%3E%20investment
FG3C000019__FG3C002424,FG3C000019,FG3C002424,investment,ecological footprint (environmental quality),core,adjacent,True,0.189914,0.206129,0.016214,0.003535,1.0,4,3,0,No direct papers yet,4,"investment and ecological footprint (environmental quality) are close in the surrounding graph, but the public sample shows no direct papers linking them yet.",Start with a bridge review or cross-field pilot.,Missing direct link,investment and ecological footprint (environmental quality),"['economic growth', 'economic growth (GDP)', 'technological innovation']","['China', 'United States', 'USA']","['China', 'Brazil', 'India']","China, United States, and related settings","China, Brazil, and related settings",https://economics-opportunity-ranker-beta-1058669339361.us-central1.run.app?search=investment%20-%3E%20ecological%20footprint%20%28environmental%20quality%29
FG3C000006__FG3C002799,FG3C002799,FG3C000006,Renewable Portfolio Standard (RPS),financial development,adjacent,adjacent,False,0.189896,0.20429,0.014395,0.001362,1.0,3,4,0,No direct papers yet,3,"Renewable Portfolio Standard (RPS) and financial development are close in the surrounding graph, but the public sample shows no direct papers linking them yet.","Treat this as a missing direct test, not a settled result.",Missing direct link,financial development and Renewable Portfolio Standard (RPS),"['carbon emissions', 'energy supply', 'green bonds']","['China', 'United States', 'South Korea']","['China', 'India', 'Pakistan']","China, United States, and related settings","China, India, and related settings",https://economics-opportunity-ranker-beta-1058669339361.us-central1.run.app?search=Renewable%20Portfolio%20Standard%20%28RPS%29%20-%3E%20financial%20development
FG3C000176__FG3C001221,FG3C001221,FG3C000176,trade liberalisation,real wages,core,core,False,0.189855,0.202207,0.012352,0.000234,1.0,4,4,0,No direct papers yet,4,"trade liberalisation and real wages are close in the surrounding graph, but the public sample shows no direct papers linking them yet.","Treat this as a missing direct test, not a settled result.",Missing direct link,real wages and trade liberalisation,"['productivity growth', 'terms of trade', 'welfare']","['India', 'Nepal', 'developing countries']","['United States', 'United Kingdom', 'Mexico']","India, Nepal, and related settings","United States, United Kingdom, and related settings",https://economics-opportunity-ranker-beta-1058669339361.us-central1.run.app?search=trade%20liberalisation%20-%3E%20real%20wages
FG3C000024__FG3C001922,FG3C000024,FG3C001922,monetary policy,export product quality,core,core,False,0.1898,0.20304,0.01324,0.000358,1.0,6,6,0,No direct papers yet,6,"monetary policy and export product quality are close in the surrounding graph, but the public sample shows no direct papers linking them yet.","Treat this as a missing direct test, not a settled result.",Missing direct link,export product quality and monetary policy,"['innovation', 'non-state-owned enterprises', 'entrepreneurship']","['United States', 'China', 'USA']","['China', 'CHN', 'USA']","United States, China, and related settings","China, CHN, and related settings",https://economics-opportunity-ranker-beta-1058669339361.us-central1.run.app?search=monetary%20policy%20-%3E%20export%20product%20quality
FG3C000010__FG3C003369,FG3C003369,FG3C000010,labor quality,carbon emissions,core,adjacent,True,0.189796,0.206343,0.016547,0.001846,1.0,8,8,0,No direct papers yet,8,"labor quality and carbon emissions are close in the surrounding graph, but the public sample shows no direct papers linking them yet.",Start with a bridge review or cross-field pilot.,Missing direct link,labor quality and carbon emissions,"['economic growth (GDP)', 'income', 'labor productivity']","['China', 'Vietnam', '32 Asian countries']","['China', 'CHN', 'India']","China, Vietnam, and related settings","China, CHN, and related settings",https://economics-opportunity-ranker-beta-1058669339361.us-central1.run.app?search=labor%20quality%20-%3E%20carbon%20emissions
FG3C000176__FG3C000195,FG3C000195,FG3C000176,product innovation,real wages,core,core,False,0.189763,0.204748,0.014985,0.001084,1.0,5,5,0,No direct papers yet,5,"product innovation and real wages are close in the surrounding graph, but the public sample shows no direct papers linking them yet.","Treat this as a missing direct test, not a settled result.",Missing direct link,product innovation and real wages,"['employment', 'productivity', 'labor productivity']","['Italy', 'Spain', 'Germany']","['United States', 'United Kingdom', 'Mexico']","Italy, Spain, and related settings","United States, United Kingdom, and related settings",https://economics-opportunity-ranker-beta-1058669339361.us-central1.run.app?search=product%20innovation%20-%3E%20real%20wages
FG3C000033__FG3C004508,FG3C004508,FG3C000033,labour market reforms,consumption,core,core,False,0.189742,0.203659,0.013917,0.000558,1.0,8,7,0,No direct papers yet,8,"labour market reforms and consumption are close in the surrounding graph, but the public sample shows no direct papers linking them yet.","Treat this as a missing direct test, not a settled result.",Missing direct link,consumption and labour market reforms,"['employment', 'unemployment', 'productivity shocks']","['25 OECD countries', 'Chile', '22 European countries']","['United States', 'China', 'USA']","25 OECD countries, Chile, and related settings","United States, China, and related settings",https://economics-opportunity-ranker-beta-1058669339361.us-central1.run.app?search=labour%20market%20reforms%20-%3E%20consumption
FG3C000010__FG3C003892,FG3C003892,FG3C000010,zoning,carbon emissions,core,adjacent,True,0.189704,0.202173,0.012469,0.000403,1.0,4,4,0,No direct papers yet,4,"zoning and carbon emissions are close in the surrounding graph, but the public sample shows no direct papers linking them yet.",Start with a bridge review or cross-field pilot.,Missing direct link,zoning and carbon emissions,"['land prices', 'land use', 'land values']","['United States', 'USA', 'New Zealand']","['China', 'CHN', 'India']","United States, USA, and related settings","China, CHN, and related settings",https://economics-opportunity-ranker-beta-1058669339361.us-central1.run.app?search=zoning%20-%3E%20carbon%20emissions
FG3C000166__FG3C000203,FG3C000166,FG3C000203,aggregate demand,environmental pollution,core,adjacent,True,0.189671,0.205458,0.015787,0.00266,1.0,3,3,0,No direct papers yet,3,"aggregate demand and environmental pollution are close in the surrounding graph, but the public sample shows no direct papers linking them yet.",Start with a bridge review or cross-field pilot.,Missing direct link,aggregate demand and environmental pollution,"['economic growth', 'international trade', 'output levels']","['United States', 'China', 'Italy']","['China', 'CHN', 'Germany']","United States, China, and related settings","China, CHN, and related settings",https://economics-opportunity-ranker-beta-1058669339361.us-central1.run.app?search=aggregate%20demand%20-%3E%20environmental%20pollution
FG3C000012__FG3C005451,FG3C000012,FG3C005451,urbanization,gross domestic product (GDP) / economic growth,adjacent,adjacent,False,0.189595,0.207357,0.017761,0.006727,1.0,5,4,0,No direct papers yet,5,"urbanization and gross domestic product (GDP) / economic growth are close in the surrounding graph, but the public sample shows no direct papers linking them yet.","Treat this as a missing direct test, not a settled result.",Missing direct link,gross domestic product (GDP) / economic growth and urbanization,"['CO2 emissions', 'carbon emissions', 'renewable energy production']","['China', 'India', 'CHN']","['EU (22 countries)', 'South Asian countries', 'China']","China, India, and related settings","EU (22 countries), South Asian countries, and related settings",https://economics-opportunity-ranker-beta-1058669339361.us-central1.run.app?search=urbanization%20-%3E%20gross%20domestic%20product%20%28GDP%29%20/%20economic%20growth
FG3C000812__FG3C004120,FG3C004120,FG3C000812,uncertainty measures,Quality-adjusted life-years (QALYs),core,adjacent,True,0.189319,0.202918,0.013599,0.000363,1.0,4,4,0,No direct papers yet,4,"uncertainty measures and Quality-adjusted life-years (QALYs) are close in the surrounding graph, but the public sample shows no direct papers linking them yet.",Start with a bridge review or cross-field pilot.,Missing direct link,uncertainty measures and Quality-adjusted life-years (QALYs),"['Method of Moments Quantile Regression (MMQR)', 'option value', 'option value of waiting']","['United States', 'USA', 'China']","['United States', 'GBR', 'Netherlands']","United States, USA, and related settings","United States, GBR, and related settings",https://economics-opportunity-ranker-beta-1058669339361.us-central1.run.app?search=uncertainty%20measures%20-%3E%20Quality-adjusted%20life-years%20%28QALYs%29
FG3C000257__FG3C001408,FG3C001408,FG3C000257,policy,market share,adjacent,core,True,0.189316,0.20223,0.012914,0.000265,1.0,5,5,0,No direct papers yet,5,"policy and market share are close in the surrounding graph, but the public sample shows no direct papers linking them yet.",Start with a bridge review or cross-field pilot.,Missing direct link,market share and policy,"['corporate environmental responsibility', 'technical efficiency', 'technical innovation']","['China', 'United States', 'United Kingdom']","['China', 'USA', 'France']","China, United States, and related settings","China, USA, and related settings",https://economics-opportunity-ranker-beta-1058669339361.us-central1.run.app?search=policy%20-%3E%20market%20share
FG3C000010__FG3C004637,FG3C004637,FG3C000010,disequilibrium,carbon emissions,core,adjacent,True,0.189265,0.203414,0.014149,0.000524,1.0,5,6,0,No direct papers yet,5,"disequilibrium and carbon emissions are close in the surrounding graph, but the public sample shows no direct papers linking them yet.",Start with a bridge review or cross-field pilot.,Missing direct link,disequilibrium and carbon emissions,"['unemployment', 'rate of growth', 'structural changes']","['Poland', 'Canada', 'CAN']","['China', 'CHN', 'India']","Poland, Canada, and related settings","China, CHN, and related settings",https://economics-opportunity-ranker-beta-1058669339361.us-central1.run.app?search=disequilibrium%20-%3E%20carbon%20emissions
FG3C000010__FG3C003853,FG3C003853,FG3C000010,public goods,carbon emissions,core,adjacent,True,0.189237,0.203788,0.014551,0.000838,1.0,3,5,0,No direct papers yet,3,"public goods and carbon emissions are close in the surrounding graph, but the public sample shows no direct papers linking them yet.",Start with a bridge review or cross-field pilot.,Missing direct link,public goods and carbon emissions,"['natural resources', 'environmental policy', 'green economic growth']","['ESP', 'Austria', 'United States']","['China', 'CHN', 'India']","ESP, Austria, and related settings","China, CHN, and related settings",https://economics-opportunity-ranker-beta-1058669339361.us-central1.run.app?search=public%20goods%20-%3E%20carbon%20emissions
FG3C000246__FG3C004299,FG3C004299,FG3C000246,energy dependence,green growth,adjacent,adjacent,False,0.189205,0.207948,0.018742,0.001956,1.0,9,9,0,No direct papers yet,9,"energy dependence and green growth are close in the surrounding graph, but the public sample shows no direct papers linking them yet.","Treat this as a missing direct test, not a settled result.",Missing direct link,energy dependence and green growth,"['renewable energy consumption', 'human capital', 'energy intensity']","['China', 'European Union', 'Middle East']","['China', 'OECD', 'CHN']","China, European Union, and related settings","China, OECD, and related settings",https://economics-opportunity-ranker-beta-1058669339361.us-central1.run.app?search=energy%20dependence%20-%3E%20green%20growth
FG3C000014__FG3C000800,FG3C000800,FG3C000014,learning by doing,energy consumption,core,adjacent,True,0.189191,0.202098,0.012907,0.000398,1.0,3,3,0,No direct papers yet,3,"learning by doing and energy consumption are close in the surrounding graph, but the public sample shows no direct papers linking them yet.",Start with a bridge review or cross-field pilot.,Missing direct link,learning by doing and energy consumption,"['foreign direct investments', 'total factor productivity', 'technical change']","['Italy', 'China', 'FRA']","['China', 'India', 'Pakistan']","Italy, China, and related settings","China, India, and related settings",https://economics-opportunity-ranker-beta-1058669339361.us-central1.run.app?search=learning%20by%20doing%20-%3E%20energy%20consumption
FG3C001307__FG3C001408,FG3C001408,FG3C001307,policy,load capacity factor (LCF),adjacent,adjacent,False,0.189092,0.205434,0.016342,0.001667,1.0,9,8,0,No direct papers yet,9,"policy and load capacity factor (LCF) are close in the surrounding graph, but the public sample shows no direct papers linking them yet.","Treat this as a missing direct test, not a settled result.",Missing direct link,load capacity factor and policy,"['renewable energy consumption', 'technological innovation', 'resource efficiency']","['China', 'United States', 'United Kingdom']","['India', 'Brazil', 'China']","China, United States, and related settings","India, Brazil, and related settings",https://economics-opportunity-ranker-beta-1058669339361.us-central1.run.app?search=policy%20-%3E%20load%20capacity%20factor%20%28LCF%29
FG3C000975__FG3C001420,FG3C000975,FG3C001420,marketization,environmental quality (CO2 emissions),adjacent,adjacent,False,0.189085,0.203993,0.014908,0.000835,1.0,6,5,0,No direct papers yet,6,"marketization and environmental quality (CO2 emissions) are close in the surrounding graph, but the public sample shows no direct papers linking them yet.","Treat this as a missing direct test, not a settled result.",Missing direct link,environmental quality and marketization,"['foreign direct investments', 'energy efficiency', 'green finance']","['China', 'CHN', 'Norway']","['China', 'United States', 'Italy']","China, CHN, and related settings","China, United States, and related settings",https://economics-opportunity-ranker-beta-1058669339361.us-central1.run.app?search=marketization%20-%3E%20environmental%20quality%20%28CO2%20emissions%29
FG3C000176__FG3C005855,FG3C005855,FG3C000176,Markov-switching models,real wages,core,core,False,0.189039,0.202191,0.013152,0.000346,1.0,4,4,0,No direct papers yet,4,"Markov-switching models and real wages are close in the surrounding graph, but the public sample shows no direct papers linking them yet.","Treat this as a missing direct test, not a settled result.",Missing direct link,Markov-switching models and real wages,"['real GDP growth', 'business cycle', 'in-sample fit']","['United States', 'Turkey', 'Saudi Arabia']","['United States', 'United Kingdom', 'Mexico']","United States, Turkey, and related settings","United States, United Kingdom, and related settings",https://economics-opportunity-ranker-beta-1058669339361.us-central1.run.app?search=Markov-switching%20models%20-%3E%20real%20wages
FG3C000001__FG3C005397,FG3C005397,FG3C000001,export participation,economic growth,core,adjacent,True,0.188993,0.206239,0.017246,0.002061,1.0,9,8,0,No direct papers yet,9,"export participation and economic growth are close in the surrounding graph, but the public sample shows no direct papers linking them yet.",Start with a bridge review or cross-field pilot.,Missing direct link,export participation and economic growth,"['economic complexity', 'productivity', 'employment']","['Spain', 'India', 'China']","['China', 'India', 'CHN']","Spain, India, and related settings","China, India, and related settings",https://economics-opportunity-ranker-beta-1058669339361.us-central1.run.app?search=export%20participation%20-%3E%20economic%20growth
FG3C000014__FG3C002343,FG3C000014,FG3C002343,energy consumption,model performance,adjacent,core,True,0.188945,0.207381,0.018436,0.00666,1.0,4,3,0,No direct papers yet,4,"energy consumption and model performance are close in the surrounding graph, but the public sample shows no direct papers linking them yet.",Start with a bridge review or cross-field pilot.,Missing direct link,model performance and energy consumption,"['CO2 emissions', 'financial development', 'financial market development']","['China', 'India', 'Pakistan']","['United States', 'India', 'China']","China, India, and related settings","United States, India, and related settings",https://economics-opportunity-ranker-beta-1058669339361.us-central1.run.app?search=energy%20consumption%20-%3E%20model%20performance
FG3C000033__FG3C002544,FG3C002544,FG3C000033,product innovations,consumption,core,core,False,0.188901,0.201927,0.013026,0.000195,1.0,3,4,0,No direct papers yet,3,"product innovations and consumption are close in the surrounding graph, but the public sample shows no direct papers linking them yet.","Treat this as a missing direct test, not a settled result.",Missing direct link,consumption and product innovations,"['employment', 'total employment', 'prices']","['Germany', 'Italy', 'Spain']","['United States', 'China', 'USA']","Germany, Italy, and related settings","United States, China, and related settings",https://economics-opportunity-ranker-beta-1058669339361.us-central1.run.app?search=product%20innovations%20-%3E%20consumption
FG3C001408__FG3C001954,FG3C001408,FG3C001954,policy,load capacity factor,adjacent,adjacent,False,0.188881,0.205146,0.016266,0.001854,1.0,7,6,0,No direct papers yet,7,"policy and load capacity factor are close in the surrounding graph, but the public sample shows no direct papers linking them yet.","Treat this as a missing direct test, not a settled result.",Missing direct link,load capacity factor and policy,"['renewable energy consumption', 'technological innovation', 'energy efficiency']","['China', 'United States', 'United Kingdom']","['India', 'China', 'United States']","China, United States, and related settings","India, China, and related settings",https://economics-opportunity-ranker-beta-1058669339361.us-central1.run.app?search=policy%20-%3E%20load%20capacity%20factor
FG3C000024__FG3C004508,FG3C004508,FG3C000024,labour market reforms,monetary policy,core,core,False,0.188863,0.201967,0.013104,0.000202,1.0,4,4,0,No direct papers yet,4,"labour market reforms and monetary policy are close in the surrounding graph, but the public sample shows no direct papers linking them yet.","Treat this as a missing direct test, not a settled result.",Missing direct link,labour market reforms and monetary policy,"['output', 'investment', 'monetary union']","['25 OECD countries', 'Chile', '22 European countries']","['United States', 'China', 'USA']","25 OECD countries, Chile, and related settings","United States, China, and related settings",https://economics-opportunity-ranker-beta-1058669339361.us-central1.run.app?search=labour%20market%20reforms%20-%3E%20monetary%20policy
FG3C000001__FG3C003457,FG3C003457,FG3C000001,international spillovers,economic growth,core,adjacent,True,0.188812,0.209064,0.020252,0.001939,1.0,12,12,0,No direct papers yet,12,"international spillovers and economic growth are close in the surrounding graph, but the public sample shows no direct papers linking them yet.",Start with a bridge review or cross-field pilot.,Missing direct link,international spillovers and economic growth,"['innovation', 'health', 'productivity']","['China', 'USA', 'United States']","['China', 'India', 'CHN']","China, USA, and related settings","China, India, and related settings",https://economics-opportunity-ranker-beta-1058669339361.us-central1.run.app?search=international%20spillovers%20-%3E%20economic%20growth
FG3C000176__FG3C003028,FG3C003028,FG3C000176,vector autoregressive (VAR) model,real wages,core,core,False,0.188802,0.201946,0.013144,0.00026,1.0,3,3,0,No direct papers yet,3,"vector autoregressive (VAR) model and real wages are close in the surrounding graph, but the public sample shows no direct papers linking them yet.","Treat this as a missing direct test, not a settled result.",Missing direct link,real wages and vector autoregressive (VAR) model,"['unemployment', 'oil price shocks', 'dynamic panel data model']","['China', 'United States', 'USA']","['United States', 'United Kingdom', 'Mexico']","China, United States, and related settings","United States, United Kingdom, and related settings",https://economics-opportunity-ranker-beta-1058669339361.us-central1.run.app?search=vector%20autoregressive%20%28VAR%29%20model%20-%3E%20real%20wages
FG3C000006__FG3C001831,FG3C000006,FG3C001831,financial development,electricity demand,adjacent,adjacent,False,0.188773,0.205551,0.016778,0.002731,1.0,5,5,0,No direct papers yet,5,"financial development and electricity demand are close in the surrounding graph, but the public sample shows no direct papers linking them yet.","Treat this as a missing direct test, not a settled result.",Missing direct link,electricity demand and financial development,"['carbon emissions', 'information and communication technology (ICT)', 'energy price']","['China', 'India', 'Pakistan']","['USA', 'China', 'United States']","China, India, and related settings","USA, China, and related settings",https://economics-opportunity-ranker-beta-1058669339361.us-central1.run.app?search=financial%20development%20-%3E%20electricity%20demand
FG3C002284__FG3C004911,FG3C004911,FG3C002284,patent citations,firm total factor productivity (TFP),core,core,False,0.188667,0.205764,0.017097,0.001268,1.0,8,8,0,No direct papers yet,8,"patent citations and firm total factor productivity (TFP) are close in the surrounding graph, but the public sample shows no direct papers linking them yet.","Treat this as a missing direct test, not a settled result.",Missing direct link,firm total factor productivity (TFP) and patent citations,"['knowledge spillovers', 'firm size', 'research and development (R&D)']","['United States', 'China', 'USA']","['China', 'CHN', 'United States']","United States, China, and related settings","China, CHN, and related settings",https://economics-opportunity-ranker-beta-1058669339361.us-central1.run.app?search=patent%20citations%20-%3E%20firm%20total%20factor%20productivity%20%28TFP%29
FG3C000019__FG3C001954,FG3C000019,FG3C001954,investment,load capacity factor,core,adjacent,True,0.188545,0.209043,0.020498,0.005924,1.0,6,5,0,No direct papers yet,6,"investment and load capacity factor are close in the surrounding graph, but the public sample shows no direct papers linking them yet.",Start with a bridge review or cross-field pilot.,Missing direct link,investment and load capacity factor,"['economic growth', 'technological innovation', 'economic growth (GDP)']","['China', 'United States', 'USA']","['India', 'China', 'United States']","China, United States, and related settings","India, China, and related settings",https://economics-opportunity-ranker-beta-1058669339361.us-central1.run.app?search=investment%20-%3E%20load%20capacity%20factor
FG3C000021__FG3C001307,FG3C000021,FG3C001307,productivity,load capacity factor (LCF),core,adjacent,True,0.188462,0.206584,0.018122,0.00229,1.0,6,6,0,No direct papers yet,6,"productivity and load capacity factor (LCF) are close in the surrounding graph, but the public sample shows no direct papers linking them yet.",Start with a bridge review or cross-field pilot.,Missing direct link,productivity and load capacity factor,"['economic growth', 'urbanization', 'financial globalization']","['China', 'United States', 'United Kingdom']","['India', 'Brazil', 'China']","China, United States, and related settings","India, Brazil, and related settings",https://economics-opportunity-ranker-beta-1058669339361.us-central1.run.app?search=productivity%20-%3E%20load%20capacity%20factor%20%28LCF%29
FG3C000339__FG3C001307,FG3C000339,FG3C001307,distance,load capacity factor (LCF),core,adjacent,True,0.188455,0.202966,0.014512,0.000461,1.0,4,5,0,No direct papers yet,4,"distance and load capacity factor (LCF) are close in the surrounding graph, but the public sample shows no direct papers linking them yet.",Start with a bridge review or cross-field pilot.,Missing direct link,distance and load capacity factor,"['foreign direct investments', 'income', 'population size']","['China', 'United States', 'GBR']","['India', 'Brazil', 'China']","China, United States, and related settings","India, Brazil, and related settings",https://economics-opportunity-ranker-beta-1058669339361.us-central1.run.app?search=distance%20-%3E%20load%20capacity%20factor%20%28LCF%29
FG3C000021__FG3C002002,FG3C000021,FG3C002002,productivity,CO2 emissions (environmental quality),core,adjacent,True,0.188454,0.20429,0.015836,0.001316,1.0,4,4,0,No direct papers yet,4,"productivity and CO2 emissions (environmental quality) are close in the surrounding graph, but the public sample shows no direct papers linking them yet.",Start with a bridge review or cross-field pilot.,Missing direct link,productivity and CO2 emissions (environmental quality),"['economic growth', 'exports', 'urbanization']","['China', 'United States', 'United Kingdom']","['OECD', 'Brazil', 'India']","China, United States, and related settings","OECD, Brazil, and related settings",https://economics-opportunity-ranker-beta-1058669339361.us-central1.run.app?search=productivity%20-%3E%20CO2%20emissions%20%28environmental%20quality%29
FG3C000436__FG3C001420,FG3C000436,FG3C001420,geopolitical risks,environmental quality (CO2 emissions),adjacent,adjacent,False,0.18843,0.209899,0.021469,0.002337,1.0,12,12,0,No direct papers yet,12,"geopolitical risks and environmental quality (CO2 emissions) are close in the surrounding graph, but the public sample shows no direct papers linking them yet.","Treat this as a missing direct test, not a settled result.",Missing direct link,environmental quality and geopolitical risks,"['energy consumption', 'natural resource rents', 'foreign direct investments']","['China', 'Russia', 'United States']","['China', 'United States', 'Italy']","China, Russia, and related settings","China, United States, and related settings",https://economics-opportunity-ranker-beta-1058669339361.us-central1.run.app?search=geopolitical%20risks%20-%3E%20environmental%20quality%20%28CO2%20emissions%29
FG3C000035__FG3C002878,FG3C002878,FG3C000035,forward premium,stock returns,core,core,False,0.188422,0.201813,0.013391,0.000202,1.0,4,4,0,No direct papers yet,4,"forward premium and stock returns are close in the surrounding graph, but the public sample shows no direct papers linking them yet.","Treat this as a missing direct test, not a settled result.",Missing direct link,forward premium and stock returns,"['exchange rate changes', 'interest rate differentials', 'heterogeneous beliefs']","['GBR', 'FRA', 'JPN']","['China', 'USA', 'United States']","GBR, FRA, and related settings","China, USA, and related settings",https://economics-opportunity-ranker-beta-1058669339361.us-central1.run.app?search=forward%20premium%20-%3E%20stock%20returns
FG3C000216__FG3C000548,FG3C000216,FG3C000548,money,health-related quality of life,core,adjacent,True,0.188389,0.202105,0.013716,0.000608,1.0,2,2,0,No direct papers yet,2,"money and health-related quality of life are close in the surrounding graph, but the public sample shows no direct papers linking them yet.",Start with a bridge review or cross-field pilot.,Missing direct link,money and health-related quality of life,"['income', 'economic activity']","['United States', 'United Kingdom', 'Germany']","['United States', 'China', 'Ethiopia']","United States, United Kingdom, and related settings","United States, China, and related settings",https://economics-opportunity-ranker-beta-1058669339361.us-central1.run.app?search=money%20-%3E%20health-related%20quality%20of%20life
FG3C000126__FG3C004938,FG3C004938,FG3C000126,voluntary export restraints (VERs),imports,core,core,False,0.188382,0.201975,0.013593,0.000216,1.0,4,4,0,No direct papers yet,4,"voluntary export restraints (VERs) and imports are close in the surrounding graph, but the public sample shows no direct papers linking them yet.","Treat this as a missing direct test, not a settled result.",Missing direct link,imports and voluntary export restraints (VERs),"['tariffs', 'tariff', 'foreign direct investments']",['Japan'],"['China', 'United States', 'OECD']",Japan,"China, United States, and related settings",https://economics-opportunity-ranker-beta-1058669339361.us-central1.run.app?search=voluntary%20export%20restraints%20%28VERs%29%20-%3E%20imports
FG3C000227__FG3C002144,FG3C002144,FG3C000227,Analytic Hierarchy Process (AHP),green technological innovation,adjacent,adjacent,False,0.188375,0.201808,0.013433,0.000514,1.0,2,2,0,No direct papers yet,2,"Analytic Hierarchy Process (AHP) and green technological innovation are close in the surrounding graph, but the public sample shows no direct papers linking them yet.","Treat this as a missing direct test, not a settled result.",Missing direct link,Analytic Hierarchy Process (AHP) and green technological innovation,"['green finance', 'green development']","['China', 'Israel', 'USA']","['China', 'CHN', 'Brazil']","China, Israel, and related settings","China, CHN, and related settings",https://economics-opportunity-ranker-beta-1058669339361.us-central1.run.app?search=Analytic%20Hierarchy%20Process%20%28AHP%29%20-%3E%20green%20technological%20innovation
FG3C000091__FG3C001221,FG3C001221,FG3C000091,trade liberalisation,economic growth (GDP),core,adjacent,True,0.188332,0.203253,0.014921,0.000992,1.0,6,4,0,No direct papers yet,6,"trade liberalisation and economic growth (GDP) are close in the surrounding graph, but the public sample shows no direct papers linking them yet.",Start with a bridge review or cross-field pilot.,Missing direct link,trade liberalisation and economic growth (GDP),"['foreign direct investments', 'passenger traffic', 'environmental quality']","['India', 'Nepal', 'developing countries']","['China', 'India', 'Pakistan']","India, Nepal, and related settings","China, India, and related settings",https://economics-opportunity-ranker-beta-1058669339361.us-central1.run.app?search=trade%20liberalisation%20-%3E%20economic%20growth%20%28GDP%29
FG3C001420__FG3C005799,FG3C005799,FG3C001420,oil revenues,environmental quality (CO2 emissions),adjacent,adjacent,False,0.188272,0.209784,0.021512,0.007118,1.0,4,4,0,No direct papers yet,4,"oil revenues and environmental quality (CO2 emissions) are close in the surrounding graph, but the public sample shows no direct papers linking them yet.","Treat this as a missing direct test, not a settled result.",Missing direct link,environmental quality and oil revenues,"['economic growth', 'financial development', 'GDP']","['Iran', 'Nigeria', 'Norway']","['China', 'United States', 'Italy']","Iran, Nigeria, and related settings","China, United States, and related settings",https://economics-opportunity-ranker-beta-1058669339361.us-central1.run.app?search=oil%20revenues%20-%3E%20environmental%20quality%20%28CO2%20emissions%29
FG3C000001__FG3C000853,FG3C000853,FG3C000001,export prices,economic growth,core,adjacent,True,0.188241,0.204601,0.01636,0.001336,1.0,4,4,0,No direct papers yet,4,"export prices and economic growth are close in the surrounding graph, but the public sample shows no direct papers linking them yet.",Start with a bridge review or cross-field pilot.,Missing direct link,export prices and economic growth,"['exports', 'capital stock', 'manufacturing exports']","['China', 'FRA', 'CHN']","['China', 'India', 'CHN']","China, FRA, and related settings","China, India, and related settings",https://economics-opportunity-ranker-beta-1058669339361.us-central1.run.app?search=export%20prices%20-%3E%20economic%20growth
FG3C000203__FG3C005759,FG3C005759,FG3C000203,manufacturing exports,environmental pollution,core,adjacent,True,0.188233,0.206268,0.018035,0.002924,1.0,3,4,0,No direct papers yet,3,"manufacturing exports and environmental pollution are close in the surrounding graph, but the public sample shows no direct papers linking them yet.",Start with a bridge review or cross-field pilot.,Missing direct link,manufacturing exports and environmental pollution,"['economic growth', 'economic development / economic growth', 'industrial growth']","['Kuwait', 'developing countries', 'Brazil']","['China', 'CHN', 'Germany']","Kuwait, developing countries, and related settings","China, CHN, and related settings",https://economics-opportunity-ranker-beta-1058669339361.us-central1.run.app?search=manufacturing%20exports%20-%3E%20environmental%20pollution
FG3C000001__FG3C000469,FG3C000469,FG3C000001,gold prices,economic growth,adjacent,adjacent,False,0.188204,0.205645,0.017442,0.002196,1.0,6,6,0,No direct papers yet,6,"gold prices and economic growth are close in the surrounding graph, but the public sample shows no direct papers linking them yet.","Treat this as a missing direct test, not a settled result.",Missing direct link,economic growth and gold prices,"['oil prices', 'stock prices', 'natural gas']","['India', 'USA', 'global']","['China', 'India', 'CHN']","India, USA, and related settings","China, India, and related settings",https://economics-opportunity-ranker-beta-1058669339361.us-central1.run.app?search=gold%20prices%20-%3E%20economic%20growth
FG3C000014__FG3C004936,FG3C004936,FG3C000014,autoregressive model,energy consumption,core,adjacent,True,0.188199,0.201922,0.013723,0.000753,1.0,1,1,0,No direct papers yet,1,"autoregressive model and energy consumption are close in the surrounding graph, but the public sample shows no direct papers linking them yet.",Start with a bridge review or cross-field pilot.,Missing direct link,autoregressive model and energy consumption,['economic growth (GDP)'],"['Korea', 'India', 'OECD']","['China', 'India', 'Pakistan']","Korea, India, and related settings","China, India, and related settings",https://economics-opportunity-ranker-beta-1058669339361.us-central1.run.app?search=autoregressive%20model%20-%3E%20energy%20consumption
FG3C000176__FG3C000260,FG3C000260,FG3C000176,process innovation,real wages,core,core,False,0.188185,0.203073,0.014888,0.000794,1.0,3,3,0,No direct papers yet,3,"process innovation and real wages are close in the surrounding graph, but the public sample shows no direct papers linking them yet.","Treat this as a missing direct test, not a settled result.",Missing direct link,process innovation and real wages,"['employment', 'productivity', 'labour productivity']","['Italy', 'Spain', 'Germany']","['United States', 'United Kingdom', 'Mexico']","Italy, Spain, and related settings","United States, United Kingdom, and related settings",https://economics-opportunity-ranker-beta-1058669339361.us-central1.run.app?search=process%20innovation%20-%3E%20real%20wages
FG3C000014__FG3C002175,FG3C002175,FG3C000014,patenting,energy consumption,core,adjacent,True,0.18816,0.202344,0.014184,0.000252,1.0,3,4,0,No direct papers yet,3,"patenting and energy consumption are close in the surrounding graph, but the public sample shows no direct papers linking them yet.",Start with a bridge review or cross-field pilot.,Missing direct link,patenting and energy consumption,"['population growth', 'total factor productivity', 'per capita economic growth']","['United States', 'China', 'United Kingdom']","['China', 'India', 'Pakistan']","United States, China, and related settings","China, India, and related settings",https://economics-opportunity-ranker-beta-1058669339361.us-central1.run.app?search=patenting%20-%3E%20energy%20consumption
FG3C003008__FG3C004938,FG3C004938,FG3C003008,voluntary export restraints (VERs),pattern of trade,core,core,False,0.188137,0.201824,0.013687,0.000229,1.0,4,4,0,No direct papers yet,4,"voluntary export restraints (VERs) and pattern of trade are close in the surrounding graph, but the public sample shows no direct papers linking them yet.","Treat this as a missing direct test, not a settled result.",Missing direct link,pattern of trade and voluntary export restraints (VERs),"['tariff', 'firm size (small vs large)', 'tariffs']",['Japan'],"['China', 'United States', 'European Union']",Japan,"China, United States, and related settings",https://economics-opportunity-ranker-beta-1058669339361.us-central1.run.app?search=voluntary%20export%20restraints%20%28VERs%29%20-%3E%20pattern%20of%20trade
FG3C000323__FG3C000720,FG3C000720,FG3C000323,Kyoto Protocol,willingness to pay (WTP),adjacent,adjacent,False,0.188115,0.201986,0.013871,0.000233,1.0,4,4,0,No direct papers yet,4,"Kyoto Protocol and willingness to pay (WTP) are close in the surrounding graph, but the public sample shows no direct papers linking them yet.","Treat this as a missing direct test, not a settled result.",Missing direct link,Kyoto Protocol and willingness to pay (WTP),"['emissions reduction', 'environmental quality', 'carbon emissions reduction']","['United States', 'Japan', 'Qatar']","['China', 'United States', 'Spain']","United States, Japan, and related settings","China, United States, and related settings",https://economics-opportunity-ranker-beta-1058669339361.us-central1.run.app?search=Kyoto%20Protocol%20-%3E%20willingness%20to%20pay%20%28WTP%29
FG3C000001__FG3C001826,FG3C001826,FG3C000001,price elasticity of demand,economic growth,core,adjacent,True,0.18808,0.203819,0.01574,0.001416,1.0,3,3,0,No direct papers yet,3,"price elasticity of demand and economic growth are close in the surrounding graph, but the public sample shows no direct papers linking them yet.",Start with a bridge review or cross-field pilot.,Missing direct link,price elasticity of demand and economic growth,"['exports', 'crude oil price volatility', 'aggregate demand']","['United Kingdom', 'United States', 'Greece']","['China', 'India', 'CHN']","United Kingdom, United States, and related settings","China, India, and related settings",https://economics-opportunity-ranker-beta-1058669339361.us-central1.run.app?search=price%20elasticity%20of%20demand%20-%3E%20economic%20growth
FG3C000001__FG3C000245,FG3C000245,FG3C000001,agglomeration economies,economic growth,core,adjacent,True,0.188077,0.211472,0.023395,0.003239,1.0,12,12,0,No direct papers yet,12,"agglomeration economies and economic growth are close in the surrounding graph, but the public sample shows no direct papers linking them yet.",Start with a bridge review or cross-field pilot.,Missing direct link,agglomeration economies and economic growth,"['foreign direct investments', 'manufacturing exports', 'employment']","['China', 'United States', 'USA']","['China', 'India', 'CHN']","China, United States, and related settings","China, India, and related settings",https://economics-opportunity-ranker-beta-1058669339361.us-central1.run.app?search=agglomeration%20economies%20-%3E%20economic%20growth
FG3C000019__FG3C000211,FG3C000019,FG3C000211,investment,air pollution,core,adjacent,True,0.18806,0.204269,0.01621,0.001238,1.0,7,6,0,No direct papers yet,7,"investment and air pollution are close in the surrounding graph, but the public sample shows no direct papers linking them yet.",Start with a bridge review or cross-field pilot.,Missing direct link,investment and air pollution,"['economic growth', 'technological innovation', 'economic development']","['China', 'United States', 'USA']","['China', 'CHN', 'India']","China, United States, and related settings","China, CHN, and related settings",https://economics-opportunity-ranker-beta-1058669339361.us-central1.run.app?search=investment%20-%3E%20air%20pollution
FG3C000012__FG3C002343,FG3C000012,FG3C002343,urbanization,model performance,adjacent,core,True,0.188051,0.205417,0.017366,0.004298,1.0,1,1,0,No direct papers yet,1,"urbanization and model performance are close in the surrounding graph, but the public sample shows no direct papers linking them yet.",Start with a bridge review or cross-field pilot.,Missing direct link,model performance and urbanization,['CO2 emissions'],"['China', 'India', 'CHN']","['United States', 'India', 'China']","China, India, and related settings","United States, India, and related settings",https://economics-opportunity-ranker-beta-1058669339361.us-central1.run.app?search=urbanization%20-%3E%20model%20performance
FG3C000021__FG3C000053,FG3C000053,FG3C000021,green innovation,productivity,adjacent,core,True,0.188042,0.211468,0.023427,0.001577,1.0,16,18,0,No direct papers yet,16,"green innovation and productivity are close in the surrounding graph, but the public sample shows no direct papers linking them yet.",Start with a bridge review or cross-field pilot.,Missing direct link,productivity and green innovation,"['foreign direct investments', 'energy efficiency', 'exports']","['China', 'CHN', 'OECD']","['China', 'United States', 'United Kingdom']","China, CHN, and related settings","China, United States, and related settings",https://economics-opportunity-ranker-beta-1058669339361.us-central1.run.app?search=green%20innovation%20-%3E%20productivity
FG3C000019__FG3C000134,FG3C000019,FG3C000134,investment,environmental sustainability,core,adjacent,True,0.188021,0.21604,0.028019,0.009552,1.0,16,14,0,No direct papers yet,16,"investment and environmental sustainability are close in the surrounding graph, but the public sample shows no direct papers linking them yet.",Start with a bridge review or cross-field pilot.,Missing direct link,investment and environmental sustainability,"['economic growth', 'technological innovation', 'economic development']","['China', 'United States', 'USA']","['China', 'India', 'OECD']","China, United States, and related settings","China, India, and related settings",https://economics-opportunity-ranker-beta-1058669339361.us-central1.run.app?search=investment%20-%3E%20environmental%20sustainability
FG3C000014__FG3C005391,FG3C005391,FG3C000014,wage bargaining,energy consumption,core,adjacent,True,0.188014,0.2037,0.015686,0.000696,1.0,6,5,0,No direct papers yet,6,"wage bargaining and energy consumption are close in the surrounding graph, but the public sample shows no direct papers linking them yet.",Start with a bridge review or cross-field pilot.,Missing direct link,wage bargaining and energy consumption,"['output growth', 'income inequality', 'output']","['United States', 'Canada', 'Sweden']","['China', 'India', 'Pakistan']","United States, Canada, and related settings","China, India, and related settings",https://economics-opportunity-ranker-beta-1058669339361.us-central1.run.app?search=wage%20bargaining%20-%3E%20energy%20consumption
FG3C000001__FG3C002564,FG3C002564,FG3C000001,export subsidies,economic growth,core,adjacent,True,0.187996,0.202258,0.014262,0.000476,1.0,3,3,0,No direct papers yet,3,"export subsidies and economic growth are close in the surrounding graph, but the public sample shows no direct papers linking them yet.",Start with a bridge review or cross-field pilot.,Missing direct link,export subsidies and economic growth,"['government spending', 'input prices', 'sustainable development goals']","['BRA', 'RUS', 'IND']","['China', 'India', 'CHN']","BRA, RUS, and related settings","China, India, and related settings",https://economics-opportunity-ranker-beta-1058669339361.us-central1.run.app?search=export%20subsidies%20-%3E%20economic%20growth
FG3C000010__FG3C001523,FG3C001523,FG3C000010,level of education,carbon emissions,adjacent,adjacent,False,0.187938,0.203495,0.015557,0.001212,1.0,7,5,0,No direct papers yet,7,"level of education and carbon emissions are close in the surrounding graph, but the public sample shows no direct papers linking them yet.","Treat this as a missing direct test, not a settled result.",Missing direct link,carbon emissions and level of education,"['income', 'unemployment', 'model performance']","['China', 'United States', 'Italy']","['China', 'CHN', 'India']","China, United States, and related settings","China, CHN, and related settings",https://economics-opportunity-ranker-beta-1058669339361.us-central1.run.app?search=level%20of%20education%20-%3E%20carbon%20emissions
FG3C000053__FG3C002424,FG3C000053,FG3C002424,green innovation,ecological footprint (environmental quality),adjacent,adjacent,False,0.187922,0.209851,0.021929,0.001856,1.0,10,12,0,No direct papers yet,10,"green innovation and ecological footprint (environmental quality) are close in the surrounding graph, but the public sample shows no direct papers linking them yet.","Treat this as a missing direct test, not a settled result.",Missing direct link,ecological footprint (environmental quality) and green innovation,"['renewable energy consumption', 'natural resource rents', 'urbanization']","['China', 'CHN', 'OECD']","['China', 'Brazil', 'India']","China, CHN, and related settings","China, Brazil, and related settings",https://economics-opportunity-ranker-beta-1058669339361.us-central1.run.app?search=green%20innovation%20-%3E%20ecological%20footprint%20%28environmental%20quality%29
FG3C001420__FG3C005759,FG3C005759,FG3C001420,manufacturing exports,environmental quality (CO2 emissions),core,adjacent,True,0.187914,0.207483,0.019569,0.004926,1.0,2,3,0,No direct papers yet,2,"manufacturing exports and environmental quality (CO2 emissions) are close in the surrounding graph, but the public sample shows no direct papers linking them yet.",Start with a bridge review or cross-field pilot.,Missing direct link,manufacturing exports and environmental quality,"['economic growth', 'Environmental Kuznets Curve (EKC)']","['Kuwait', 'developing countries', 'Brazil']","['China', 'United States', 'Italy']","Kuwait, developing countries, and related settings","China, United States, and related settings",https://economics-opportunity-ranker-beta-1058669339361.us-central1.run.app?search=manufacturing%20exports%20-%3E%20environmental%20quality%20%28CO2%20emissions%29
FG3C000010__FG3C001824,FG3C001824,FG3C000010,oil demand,carbon emissions,core,adjacent,True,0.187908,0.214954,0.027046,0.007597,1.0,8,8,0,No direct papers yet,8,"oil demand and carbon emissions are close in the surrounding graph, but the public sample shows no direct papers linking them yet.",Start with a bridge review or cross-field pilot.,Missing direct link,oil demand and carbon emissions,"['renewable energy', 'exports', 'foreign direct investment']","['United States', 'China', 'Australia']","['China', 'CHN', 'India']","United States, China, and related settings","China, CHN, and related settings",https://economics-opportunity-ranker-beta-1058669339361.us-central1.run.app?search=oil%20demand%20-%3E%20carbon%20emissions
