rank,pair_key,prototype_object_family,prototype_route_label,prototype_shortlist_status,prototype_display_title,prototype_display_why,prototype_display_first_step,prototype_primary_mediators,prototype_source_title,source_node,target_node,score,supporting_path_count,mediator_count,motif_count,public_specificity_score,question_family,app_link,audit_decision,audit_main_reason,audit_better_formulation,audit_deterministic_implication
1,FG3C000053__FG3C002799,path_question,downrank_path_question,downrank,Through which nearby pathways might renewable portfolio standards shape green innovation?,"Nearby papers already suggest routes through carbon emissions, carbon emissions trading, and green bonds.",Treat this as a lower-priority path question unless stronger local support appears.,"['carbon emissions', 'carbon emissions trading', 'green bonds']",How might renewable portfolio standards change green innovation?,renewable portfolio standards,green innovation,0.184623,3,3,3,3.4018,renewable-portfolio-standards-green-innovation,/questions/#FG3C000053__FG3C002799,downrank,not_paper_shaped,reframe_as_path_question,require_more_path_support
2,FG3C000246__FG3C004338,path_question,promote_path_question,promote,Through which nearby pathways might international trade (trade flows) shape green growth?,"Nearby papers already suggest routes through trade openness, energy consumption, and export diversification.",Start with a short synthesis or pilot that follows the nearest mediating topics.,"['trade openness', 'energy consumption', 'export diversification']",How might international trade (trade flows) change green growth?,international trade (trade flows),green growth,0.183979,3,3,2,0.9029,international-trade-green-growth,/questions/#FG3C000246__FG3C004338,keep,not_paper_shaped,reframe_as_path_question,add_path_level_candidate_object
3,FG3C000028__FG3C004458,path_question,promote_path_question,promote,Through which nearby pathways might high-frequency trading shape prices?,"Nearby papers already suggest routes through liquidity, volatility, and adverse selection.",Start with a short synthesis or pilot that follows the nearest mediating topics.,"['liquidity', 'volatility', 'adverse selection']",How might high-frequency trading change prices?,high-frequency trading,prices,0.117237,4,4,4,4.0014,high-frequency-trading-prices,/questions/#FG3C000028__FG3C004458,keep,should_be_path_level_not_direct_edge,reframe_as_path_question,add_path_level_candidate_object
4,FG3C000015__FG3C001452,path_question,promote_path_question,promote,Through which nearby pathways might foreign direct investments shape catastrophic health expenditures?,Nearby papers already suggest routes through income inequality and poverty.,Start with a short synthesis or pilot that follows the nearest mediating topics.,"['income inequality', 'poverty']",How might foreign direct investments change catastrophic health expenditures?,foreign direct investments,catastrophic health expenditures,0.115629,2,2,2,5.3025,foreign-direct-investments-catastrophic-health-expenditures,/questions/#FG3C000015__FG3C001452,keep,should_be_path_level_not_direct_edge,reframe_as_path_question,require_more_path_support
5,FG3C000247__FG3C004458,path_question,promote_path_question,promote,Through which nearby pathways might high-frequency trading shape cost of capital?,"Nearby papers already suggest routes through market quality, high frequency traders, and stock liquidity.",Start with a short synthesis or pilot that follows the nearest mediating topics.,"['market quality', 'high frequency traders', 'stock liquidity']",How might high-frequency trading change cost of capital?,high-frequency trading,cost of capital,0.114434,4,4,4,6.5011,high-frequency-trading-cost-of-capital,/questions/#FG3C000247__FG3C004458,keep,promising_as_is,reframe_as_path_question,add_path_level_candidate_object
6,FG3C000013__FG3C002623,path_question,promote_path_question,promote,Through which nearby pathways might U.S. economic policy uncertainty shape technological innovation?,"Nearby papers already suggest routes through natural resource rents, trade policy uncertainty, and China stock market.",Start with a short synthesis or pilot that follows the nearest mediating topics.,"['natural resource rents', 'trade policy uncertainty', 'China stock market']",How might U.S. economic policy uncertainty change technological innovation?,U.S. economic policy uncertainty,technological innovation,0.11315,4,4,4,4.0014,u-s-economic-policy-uncertainty-technological-innovation,/questions/#FG3C000013__FG3C002623,keep,should_be_path_level_not_direct_edge,reframe_as_path_question,require_more_path_support
7,FG3C000061__FG3C000425,path_question,promote_path_question,promote,Through which nearby pathways might digital inclusive finance shape total factor productivity (TFP)?,"Nearby papers already suggest routes through technological innovation, financing constraints, and technological progress.",Start with a short synthesis or pilot that follows the nearest mediating topics.,"['technological innovation', 'financing constraints', 'technological progress']",How might digital inclusive finance change total factor productivity (TFP)?,digital inclusive finance,total factor productivity (TFP),0.112851,17,17,16,6.8086,digital-inclusive-finance-total-factor-productivity,/questions/#FG3C000061__FG3C000425,keep,promising_as_is,reframe_as_path_question,require_more_path_support
8,FG3C000015__FG3C000176,path_question,promote_path_question,promote,Through which nearby pathways might foreign direct investments shape real wages?,"Nearby papers already suggest routes through productivity, capital stock, and exports.",Start with a short synthesis or pilot that follows the nearest mediating topics.,"['productivity', 'capital stock', 'exports']",How might foreign direct investments change real wages?,foreign direct investments,real wages,0.112492,11,11,9,0.707,foreign-direct-investments-real-wages,/questions/#FG3C000015__FG3C000176,keep,should_be_path_level_not_direct_edge,reframe_as_path_question,require_more_path_support
9,FG3C000132__FG3C002438,path_question,promote_path_question,promote,Through which nearby pathways might Special economic zones shape inequality?,"Nearby papers already suggest routes through environmental pollution, structural changes, and economic development.",Start with a short synthesis or pilot that follows the nearest mediating topics.,"['environmental pollution', 'structural changes', 'economic development']",How might Special economic zones change inequality?,Special economic zones,inequality,0.112296,5,5,6,4.6008,special-economic-zones-inequality,/questions/#FG3C000132__FG3C002438,keep,should_be_path_level_not_direct_edge,reframe_as_path_question,add_path_level_candidate_object
10,FG3C000100__FG3C004458,path_question,promote_path_question,promote,Through which nearby pathways might high-frequency trading shape investor sentiment?,"Nearby papers already suggest routes through liquidity, volatility, and market returns.",Start with a short synthesis or pilot that follows the nearest mediating topics.,"['liquidity', 'volatility', 'market returns']",How might high-frequency trading change investor sentiment?,high-frequency trading,investor sentiment,0.111043,4,4,4,4.0012,high-frequency-trading-investor-sentiment,/questions/#FG3C000100__FG3C004458,keep,should_be_path_level_not_direct_edge,reframe_as_path_question,add_mediator_expansion_object
11,FG3C000811__FG3C003802,mediator_question,downrank_mediator_question,downrank,Which nearby mechanisms most plausibly link high frequency traders to expected stock returns?,"The main open question is which channel does the work: media coverage, liquidity commonality, and volatility.",Keep this in reserve until one mechanism stands out more clearly.,"['media coverage', 'liquidity commonality', 'volatility']",How might high frequency traders change expected stock returns?,high frequency traders,expected stock returns,0.111,5,5,5,7.1018,high-frequency-traders-expected-stock-returns,/questions/#FG3C000811__FG3C003802,downrank,should_be_mediator_expansion,reframe_as_mediator_question,add_mediator_expansion_object
12,FG3C000089__FG3C000215,path_question,promote_path_question,promote,Through which nearby pathways might R&D investment shape green total factor productivity (GTFP)?,"Nearby papers already suggest routes through green innovation, technological innovation, and green technology innovation.",Start with a short synthesis or pilot that follows the nearest mediating topics.,"['green innovation', 'technological innovation', 'green technology innovation']",How might R&D investment change green total factor productivity (GTFP)?,R&D investment,green total factor productivity (GTFP),0.110851,21,21,21,8.641,r-d-investment-green-total-factor-productivity,/questions/#FG3C000089__FG3C000215,keep,promising_as_is,reframe_as_path_question,add_path_level_candidate_object
13,FG3C000215__FG3C005708,path_question,promote_path_question,promote,Through which nearby pathways might intellectual property rights (IPR) protection shape green total factor productivity (GTFP)?,"Nearby papers already suggest routes through foreign direct investments, innovation outcomes, and research and development (R&D).",Start with a short synthesis or pilot that follows the nearest mediating topics.,"['foreign direct investments', 'innovation outcomes', 'research and development (R&D)']",How might intellectual property rights (IPR) protection change green total factor productivity (GTFP)?,intellectual property rights (IPR) protection,green total factor productivity (GTFP),0.109631,3,3,3,5.9024,intellectual-property-rights-protection-green-total-factor-productivity,/questions/#FG3C000215__FG3C005708,keep,should_be_path_level_not_direct_edge,reframe_as_path_question,require_more_path_support
14,FG3C000015__FG3C000271,mediator_question,promote_mediator_question,promote,Which nearby mechanisms most plausibly link foreign direct investments to life expectancy?,"The main open question is which channel does the work: CO2 emissions, carbon emissions, and renewable energy consumption.",Start by testing which nearby channel carries the effect.,"['CO2 emissions', 'carbon emissions', 'renewable energy consumption']",How might foreign direct investments change life expectancy?,foreign direct investments,life expectancy,0.109594,14,14,13,2.5899,foreign-direct-investments-life-expectancy,/questions/#FG3C000015__FG3C000271,keep,promising_as_is,reframe_as_mediator_question,add_mediator_expansion_object
15,FG3C000011__FG3C000013,path_question,promote_path_question,promote,Through which nearby pathways might technological innovation shape output?,"Nearby papers already suggest routes through renewable energy consumption, CO2 emissions, and energy consumption.",Start with a short synthesis or pilot that follows the nearest mediating topics.,"['renewable energy consumption', 'CO2 emissions', 'energy consumption']",How might technological innovation change output?,technological innovation,output,0.109299,17,17,16,1.8312,technological-innovation-output,/questions/#FG3C000011__FG3C000013,keep,should_be_path_level_not_direct_edge,reframe_as_path_question,require_more_path_support
16,FG3C000022__FG3C002438,path_question,promote_path_question,promote,Through which nearby pathways might Special economic zones shape wages?,"Nearby papers already suggest routes through migration, accessibility, and technological progress.",Start with a short synthesis or pilot that follows the nearest mediating topics.,"['migration', 'accessibility', 'technological progress']",How might Special economic zones change wages?,Special economic zones,wages,0.108561,6,6,6,5.2025,special-economic-zones-wages,/questions/#FG3C000022__FG3C002438,keep,promising_as_is,reframe_as_path_question,require_more_path_support
17,FG3C000071__FG3C000215,path_question,promote_path_question,promote,Through which nearby pathways might economic policy uncertainty shape green total factor productivity (GTFP)?,"Nearby papers already suggest routes through green innovation, technical efficiency, and green technological innovation.",Start with a short synthesis or pilot that follows the nearest mediating topics.,"['green innovation', 'technical efficiency', 'green technological innovation']",How might economic policy uncertainty change green total factor productivity (GTFP)?,economic policy uncertainty,green total factor productivity (GTFP),0.108259,20,20,20,8.612,economic-policy-uncertainty-green-total-factor-productivity,/questions/#FG3C000071__FG3C000215,keep,should_be_path_level_not_direct_edge,reframe_as_path_question,add_path_level_candidate_object
18,FG3C000499__FG3C002487,path_question,promote_path_question,promote,Through which nearby pathways might free trade agreements shape skill premium?,"Nearby papers already suggest routes through trade liberalization, developing countries, and market access.",Start with a short synthesis or pilot that follows the nearest mediating topics.,"['trade liberalization', 'developing countries', 'market access']",How might free trade agreements change skill premium?,free trade agreements,skill premium,0.108222,3,3,3,3.4032,free-trade-agreements-skill-premium,/questions/#FG3C000499__FG3C002487,keep,should_be_path_level_not_direct_edge,reframe_as_path_question,require_more_path_support
19,FG3C000031__FG3C002438,path_question,promote_path_question,promote,Through which nearby pathways might Special economic zones shape transaction costs?,"Nearby papers already suggest routes through migration, house prices, and firms.",Start with a short synthesis or pilot that follows the nearest mediating topics.,"['migration', 'house prices', 'firms']",How might Special economic zones change transaction costs?,Special economic zones,transaction costs,0.107971,5,5,5,4.6008,special-economic-zones-transaction-costs,/questions/#FG3C000031__FG3C002438,keep,should_be_path_level_not_direct_edge,reframe_as_path_question,require_more_path_support
20,FG3C000013__FG3C002799,path_question,promote_path_question,promote,Through which nearby pathways might renewable portfolio standards shape technological innovation?,"Nearby papers already suggest routes through carbon emissions, feed-in tariff, and carbon emissions trading.",Start with a short synthesis or pilot that follows the nearest mediating topics.,"['carbon emissions', 'feed-in tariff', 'carbon emissions trading']",How might renewable portfolio standards change technological innovation?,renewable portfolio standards,technological innovation,0.107625,3,3,3,3.4016,renewable-portfolio-standards-technological-innovation,/questions/#FG3C000013__FG3C002799,keep,promising_as_is,reframe_as_path_question,add_path_level_candidate_object
21,FG3C000051__FG3C000753,path_question,downrank_path_question,downrank,Through which nearby pathways might high-speed rail shape house prices?,"Nearby papers already suggest routes through tourism, air quality, and urban growth.",Treat this as a lower-priority path question unless stronger local support appears.,"['tourism', 'air quality', 'urban growth']",How might high-speed rail change house prices?,high-speed rail,house prices,0.107422,12,12,12,1.306,high-speed-rail-house-prices,/questions/#FG3C000051__FG3C000753,downrank,not_paper_shaped,reframe_as_path_question,require_more_path_support
22,FG3C000004__FG3C005928,mediator_question,promote_mediator_question,promote,Which nearby mechanisms most plausibly link negative news sentiment to welfare?,"The main open question is which channel does the work: liquidity, size of government, and uncertainty.",Start by testing which nearby channel carries the effect.,"['liquidity', 'size of government', 'uncertainty']",How might negative news sentiment change welfare?,negative news sentiment,welfare,0.107184,4,4,5,4.0012,negative-news-sentiment-welfare,/questions/#FG3C000004__FG3C005928,keep,should_be_path_level_not_direct_edge,reframe_as_mediator_question,add_mediator_expansion_object
23,FG3C001452__FG3C005647,path_question,promote_path_question,promote,Through which nearby pathways might Medicaid eligibility expansions shape catastrophic health expenditures?,"Nearby papers already suggest routes through out-of-pocket spending, health insurance coverage, and hypertension.",Start with a short synthesis or pilot that follows the nearest mediating topics.,"['out-of-pocket spending', 'health insurance coverage', 'hypertension']",How might Medicaid eligibility expansions change catastrophic health expenditures?,Medicaid eligibility expansions,catastrophic health expenditures,0.107056,3,3,3,5.903,medicaid-eligibility-expansions-catastrophic-health-expenditures,/questions/#FG3C001452__FG3C005647,keep,should_be_path_level_not_direct_edge,reframe_as_path_question,add_path_level_candidate_object
24,FG3C000004__FG3C000843,path_question,downrank_path_question,downrank,Through which nearby pathways might health maintenance organization (HMO) shape welfare?,"Nearby papers already suggest routes through markets, urban spatial structure, and cost sharing.",Treat this as a lower-priority path question unless stronger local support appears.,"['markets', 'urban spatial structure', 'cost sharing']",How might health maintenance organization (HMO) change welfare?,health maintenance organization (HMO),welfare,0.106666,4,4,4,4.0008,health-maintenance-organization-welfare,/questions/#FG3C000004__FG3C000843,downrank,insufficient_local_support,reframe_as_path_question,require_more_path_support
25,FG3C000013__FG3C000172,mediator_question,downrank_mediator_question,downrank,Which nearby mechanisms most plausibly link corruption to technological innovation?,"The main open question is which channel does the work: economic growth, green finance, and R&D investment.",Keep this in reserve until one mechanism stands out more clearly.,"['economic growth', 'green finance', 'R&D investment']",How might corruption change technological innovation?,corruption,technological innovation,0.106563,18,18,19,2.4196,corruption-technological-innovation,/questions/#FG3C000013__FG3C000172,downrank,should_be_path_level_not_direct_edge,reframe_as_mediator_question,add_mediator_expansion_object
26,FG3C000015__FG3C001717,path_question,promote_path_question,promote,Through which nearby pathways might foreign direct investments shape price-cost margin?,"Nearby papers already suggest routes through imports, business cycle, and productivity growth.",Start with a short synthesis or pilot that follows the nearest mediating topics.,"['imports', 'business cycle', 'productivity growth']",How might foreign direct investments change price-cost margin?,foreign direct investments,price-cost margin,0.106358,5,5,4,7.1013,foreign-direct-investments-price-cost-margin,/questions/#FG3C000015__FG3C001717,keep,promising_as_is,reframe_as_path_question,require_more_path_support
27,FG3C000215__FG3C000753,path_question,promote_path_question,promote,Through which nearby pathways might high-speed rail shape green total factor productivity (GTFP)?,"Nearby papers already suggest routes through technological innovation, technological progress, and investment efficiency.",Start with a short synthesis or pilot that follows the nearest mediating topics.,"['technological innovation', 'technological progress', 'investment efficiency']",How might high-speed rail change green total factor productivity (GTFP)?,high-speed rail,green total factor productivity (GTFP),0.106194,32,32,29,8.6235,high-speed-rail-green-total-factor-productivity,/questions/#FG3C000215__FG3C000753,keep,promising_as_is,reframe_as_path_question,require_more_path_support
28,FG3C000642__FG3C001452,path_question,promote_path_question,promote,Through which nearby pathways might marital status shape catastrophic health expenditures?,"Nearby papers already suggest routes through hospitalization, health insurance coverage, and health insurance.",Start with a short synthesis or pilot that follows the nearest mediating topics.,"['hospitalization', 'health insurance coverage', 'health insurance']",How might marital status change catastrophic health expenditures?,marital status,catastrophic health expenditures,0.105722,3,3,3,3.4017,marital-status-catastrophic-health-expenditures,/questions/#FG3C000642__FG3C001452,keep,promising_as_is,reframe_as_path_question,require_more_path_support
29,FG3C000011__FG3C004608,path_question,promote_path_question,promote,Through which nearby pathways might precautionary saving motives shape output?,"Nearby papers already suggest routes through cash holdings, credit spreads, and real interest rates.",Start with a short synthesis or pilot that follows the nearest mediating topics.,"['cash holdings', 'credit spreads', 'real interest rates']",How might precautionary saving motives change output?,precautionary saving motives,output,0.105268,4,4,5,4.0009,precautionary-saving-motives-output,/questions/#FG3C000011__FG3C004608,keep,promising_as_is,reframe_as_path_question,require_more_path_support
30,FG3C000061__FG3C002438,path_question,promote_path_question,promote,Through which nearby pathways might Special economic zones shape total factor productivity (TFP)?,"Nearby papers already suggest routes through technological progress, technological innovation, and innovation.",Start with a short synthesis or pilot that follows the nearest mediating topics.,"['technological progress', 'technological innovation', 'innovation']",How might Special economic zones change total factor productivity (TFP)?,Special economic zones,total factor productivity (TFP),0.105118,4,4,4,6.5024,special-economic-zones-total-factor-productivity,/questions/#FG3C000061__FG3C002438,keep,should_be_path_level_not_direct_edge,reframe_as_path_question,add_mediator_expansion_object
31,FG3C001067__FG3C005391,path_question,promote_path_question,promote,Through which nearby pathways might wage setting shape non-performing loans?,"Nearby papers already suggest routes through inflation, unemployment rate, and efficiency.",Start with a short synthesis or pilot that follows the nearest mediating topics.,"['inflation', 'unemployment rate', 'efficiency']",How might wage setting change non-performing loans?,wage setting,non-performing loans,0.104782,3,3,4,3.4012,wage-setting-non-performing-loans,/questions/#FG3C001067__FG3C005391,keep,should_be_path_level_not_direct_edge,reframe_as_path_question,add_path_level_candidate_object
32,FG3C004769__FG3C004959,path_question,downrank_path_question,downrank,Through which nearby pathways might separability shape optimal investment strategy?,"Nearby papers already suggest routes through utility function, distance, and closed-form solution.",Treat this as a lower-priority path question unless stronger local support appears.,"['utility function', 'distance', 'closed-form solution']",How might separability change optimal investment strategy?,separability,optimal investment strategy,0.104745,4,4,4,4.0015,separability-optimal-investment-strategy,/questions/#FG3C004769__FG3C004959,downrank,should_be_path_level_not_direct_edge,reframe_as_path_question,add_path_level_candidate_object
33,FG3C000074__FG3C000094,path_question,promote_path_question,promote,Through which nearby pathways might economic policy uncertainty (EPU) shape green technology innovation?,"Nearby papers already suggest routes through environmental regulation, carbon emissions, and CO2 emissions.",Start with a short synthesis or pilot that follows the nearest mediating topics.,"['environmental regulation', 'carbon emissions', 'CO2 emissions']",How might economic policy uncertainty (EPU) change green technology innovation?,economic policy uncertainty (EPU),green technology innovation,0.104622,15,15,15,5.6229,economic-policy-uncertainty-green-technology-innovation,/questions/#FG3C000074__FG3C000094,keep,should_be_path_level_not_direct_edge,reframe_as_path_question,require_more_path_support
34,FG3C000042__FG3C005928,path_question,downrank_path_question,downrank,Through which nearby pathways might negative news sentiment shape trading volume?,"Nearby papers already suggest routes through volatility, returns, and bid-ask spread.",Treat this as a lower-priority path question unless stronger local support appears.,"['volatility', 'returns', 'bid-ask spread']",How might negative news sentiment change trading volume?,negative news sentiment,trading volume,0.104419,4,4,4,4.0038,negative-news-sentiment-trading-volume,/questions/#FG3C000042__FG3C005928,downrank,should_be_path_level_not_direct_edge,reframe_as_path_question,require_more_path_support
35,FG3C000544__FG3C001717,path_question,downrank_path_question,downrank,Through which nearby pathways might economic fundamentals shape price-cost margin?,"Nearby papers already suggest routes through exchange rates, market share, and exchange rate changes.",Treat this as a lower-priority path question unless stronger local support appears.,"['exchange rates', 'market share', 'exchange rate changes']",How might economic fundamentals change price-cost margin?,economic fundamentals,price-cost margin,0.104397,3,3,3,3.4017,economic-fundamentals-price-cost-margin,/questions/#FG3C000544__FG3C001717,downrank,should_be_path_level_not_direct_edge,reframe_as_path_question,require_more_path_support
36,FG3C000215__FG3C000717,path_question,promote_path_question,promote,Through which nearby pathways might digital financial inclusion shape green total factor productivity (GTFP)?,"Nearby papers already suggest routes through urban-rural income gap, industrial structure, and green technology innovation.",Start with a short synthesis or pilot that follows the nearest mediating topics.,"['urban-rural income gap', 'industrial structure', 'green technology innovation']",How might digital financial inclusion change green total factor productivity (GTFP)?,digital financial inclusion,green total factor productivity (GTFP),0.104384,17,17,16,6.8134,digital-financial-inclusion-green-total-factor-productivity,/questions/#FG3C000215__FG3C000717,keep,should_be_path_level_not_direct_edge,reframe_as_path_question,add_path_level_candidate_object
37,FG3C000004__FG3C001619,path_question,downrank_path_question,downrank,Through which nearby pathways might exchange-rate regime shape welfare?,"Nearby papers already suggest routes through business cycles, international trade, and income inequality.",Treat this as a lower-priority path question unless stronger local support appears.,"['business cycles', 'international trade', 'income inequality']",How might exchange-rate regime change welfare?,exchange-rate regime,welfare,0.10411,9,9,8,7.0022,exchange-rate-regime-welfare,/questions/#FG3C000004__FG3C001619,downrank,not_paper_shaped,reframe_as_path_question,add_path_level_candidate_object
38,FG3C000039__FG3C001452,mediator_question,promote_mediator_question,promote,Which nearby mechanisms most plausibly link globalization to catastrophic health expenditures?,"The main open question is which channel does the work: income inequality, insurance status, and unemployment.",Start by testing which nearby channel carries the effect.,"['income inequality', 'insurance status', 'unemployment']",How might globalization change catastrophic health expenditures?,globalization,catastrophic health expenditures,0.103568,5,5,5,4.6014,globalization-catastrophic-health-expenditures,/questions/#FG3C000039__FG3C001452,keep,promising_as_is,reframe_as_mediator_question,add_mediator_expansion_object
39,FG3C000215__FG3C000335,path_question,promote_path_question,promote,Through which nearby pathways might digitalization shape green total factor productivity (GTFP)?,"Nearby papers already suggest routes through technological innovation, environmental regulation, and green innovation.",Start with a short synthesis or pilot that follows the nearest mediating topics.,"['technological innovation', 'environmental regulation', 'green innovation']",How might digitalization change green total factor productivity (GTFP)?,digitalization,green total factor productivity (GTFP),0.103382,28,28,31,6.1331,digitalization-green-total-factor-productivity,/questions/#FG3C000215__FG3C000335,keep,should_be_path_level_not_direct_edge,reframe_as_path_question,add_path_level_candidate_object
40,FG3C000065__FG3C002623,path_question,promote_path_question,promote,Through which nearby pathways might U.S. economic policy uncertainty shape sustainable development?,"Nearby papers already suggest routes through financing constraints, natural resource rents, and US dollar.",Start with a short synthesis or pilot that follows the nearest mediating topics.,"['financing constraints', 'natural resource rents', 'US dollar']",How might U.S. economic policy uncertainty change sustainable development?,U.S. economic policy uncertainty,sustainable development,0.103378,5,5,5,4.6018,u-s-economic-policy-uncertainty-sustainable-development,/questions/#FG3C000065__FG3C002623,keep,should_be_path_level_not_direct_edge,reframe_as_path_question,add_path_level_candidate_object
41,FG3C000094__FG3C005535,path_question,downrank_path_question,downrank,Through which nearby pathways might green technology innovation shape ESG investments?,"Nearby papers already suggest routes through CO2 emissions, energy, and digital transformation.",Treat this as a lower-priority path question unless stronger local support appears.,"['CO2 emissions', 'energy', 'digital transformation']",How might green technology innovation change ESG investments?,green technology innovation,ESG investments,0.103344,3,3,3,3.4037,green-technology-innovation-esg-investments,/questions/#FG3C000094__FG3C005535,downrank,should_be_path_level_not_direct_edge,reframe_as_path_question,add_path_level_candidate_object
42,FG3C002438__FG3C006191,mediator_question,promote_mediator_question,promote,Which nearby mechanisms most plausibly link Special economic zones to land rents?,"The main open question is which channel does the work: employment growth, firms, and house prices.",Start by testing which nearby channel carries the effect.,"['employment growth', 'firms', 'house prices']",How might Special economic zones change land rents?,Special economic zones,land rents,0.102062,5,5,5,4.6008,special-economic-zones-land-rents,/questions/#FG3C002438__FG3C006191,keep,should_be_path_level_not_direct_edge,reframe_as_mediator_question,add_mediator_expansion_object
43,FG3C002487__FG3C002571,path_question,promote_path_question,promote,Through which nearby pathways might free trade agreements shape wage differentials?,"Nearby papers already suggest routes through market access, international trade, and bilateral trade flows.",Start with a short synthesis or pilot that follows the nearest mediating topics.,"['market access', 'international trade', 'bilateral trade flows']",How might free trade agreements change wage differentials?,free trade agreements,wage differentials,0.101169,4,4,4,4.0011,free-trade-agreements-wage-differentials,/questions/#FG3C002487__FG3C002571,keep,promising_as_is,reframe_as_path_question,add_path_level_candidate_object
44,FG3C000013__FG3C000567,path_question,downrank_path_question,downrank,Through which nearby pathways might rule of law shape technological innovation?,"Nearby papers already suggest routes through digital economy, financial development, and R&D investment.",Treat this as a lower-priority path question unless stronger local support appears.,"['digital economy', 'financial development', 'R&D investment']",How might rule of law change technological innovation?,rule of law,technological innovation,0.100672,11,11,11,0.7132,rule-of-law-technological-innovation,/questions/#FG3C000013__FG3C000567,downrank,should_be_path_level_not_direct_edge,reframe_as_path_question,require_more_path_support
45,FG3C000753__FG3C001615,path_question,promote_path_question,promote,Through which nearby pathways might high-speed rail shape PM2.5 concentration?,"Nearby papers already suggest routes through spatial spillover effects, industrial upgrading, and per capita income.",Start with a short synthesis or pilot that follows the nearest mediating topics.,"['spatial spillover effects', 'industrial upgrading', 'per capita income']",How might high-speed rail change PM2.5 concentration?,high-speed rail,PM2.5 concentration,0.100406,6,6,6,0.2014,high-speed-rail-pm2-5-concentration,/questions/#FG3C000753__FG3C001615,keep,promising_as_is,reframe_as_path_question,require_more_path_support
46,FG3C000015__FG3C001615,path_question,downrank_path_question,downrank,Through which nearby pathways might foreign direct investments shape PM2.5 concentration?,"Nearby papers already suggest routes through economic growth, carbon emissions intensity, and environmental regulation.",Treat this as a lower-priority path question unless stronger local support appears.,"['economic growth', 'carbon emissions intensity', 'environmental regulation']",How might foreign direct investments change PM2.5 concentration?,foreign direct investments,PM2.5 concentration,0.100284,6,6,6,0.2136,foreign-direct-investments-pm2-5-concentration,/questions/#FG3C000015__FG3C001615,downrank,should_be_path_level_not_direct_edge,reframe_as_path_question,require_more_path_support
47,FG3C000089__FG3C002487,path_question,promote_path_question,promote,Through which nearby pathways might free trade agreements shape R&D investment?,"Nearby papers already suggest routes through trade liberalization, international trade, and firm financial constraints.",Start with a short synthesis or pilot that follows the nearest mediating topics.,"['trade liberalization', 'international trade', 'firm financial constraints']",How might free trade agreements change R&D investment?,free trade agreements,R&D investment,0.100221,5,5,5,7.1017,free-trade-agreements-r-d-investment,/questions/#FG3C000089__FG3C002487,keep,should_be_path_level_not_direct_edge,reframe_as_path_question,require_more_path_support
48,FG3C000089__FG3C000797,path_question,promote_path_question,promote,Through which nearby pathways might R&D investment shape green total factor productivity?,"Nearby papers already suggest routes through green innovation, technological innovation, and digital economy.",Start with a short synthesis or pilot that follows the nearest mediating topics.,"['green innovation', 'technological innovation', 'digital economy']",How might R&D investment change green total factor productivity?,R&D investment,green total factor productivity,0.100114,14,14,14,5.0149,r-d-investment-green-total-factor-productivity,/questions/#FG3C000089__FG3C000797,keep,should_be_path_level_not_direct_edge,reframe_as_path_question,require_more_path_support
49,FG3C000015__FG3C002078,path_question,downrank_path_question,downrank,Through which nearby pathways might foreign direct investments shape green technological progress?,"Nearby papers already suggest routes through green total factor productivity (GTFP), human capital, and digital economy (DE).",Treat this as a lower-priority path question unless stronger local support appears.,"['green total factor productivity (GTFP)', 'human capital', 'digital economy (DE)']",How might foreign direct investments change green technological progress?,foreign direct investments,green technological progress,0.099984,6,6,6,0.2033,foreign-direct-investments-green-technological-progress,/questions/#FG3C000015__FG3C002078,downrank,not_paper_shaped,reframe_as_path_question,require_more_path_support
50,FG3C000162__FG3C002438,path_question,promote_path_question,promote,Through which nearby pathways might Special economic zones shape terms of trade?,"Nearby papers already suggest routes through technological progress, foreign investment, and investment.",Start with a short synthesis or pilot that follows the nearest mediating topics.,"['technological progress', 'foreign investment', 'investment']",How might Special economic zones change terms of trade?,Special economic zones,terms of trade,0.09984,4,4,4,6.5008,special-economic-zones-terms-of-trade,/questions/#FG3C000162__FG3C002438,keep,should_be_path_level_not_direct_edge,reframe_as_path_question,add_path_level_candidate_object
51,FG3C000085__FG3C002623,path_question,promote_path_question,promote,Through which nearby pathways might gross domestic product (GDP) shape U.S. economic policy uncertainty?,Nearby papers already suggest routes through carbon dioxide (CO2) emission and social interactions.,Start with a short synthesis or pilot that follows the nearest mediating topics.,"['carbon dioxide (CO2) emission', 'social interactions']",How might gross domestic product (GDP) change U.S. economic policy uncertainty?,gross domestic product (GDP),U.S. economic policy uncertainty,0.099735,2,2,3,5.3014,gross-domestic-product-u-s-economic-policy-uncertainty,/questions/#FG3C000085__FG3C002623,keep,already_saturated,reframe_as_path_question,add_mediator_expansion_object
52,FG3C000025__FG3C005708,path_question,promote_path_question,promote,Through which nearby pathways might intellectual property rights (IPR) protection shape income inequality?,"Nearby papers already suggest routes through foreign direct investments, foreign direct investment (FDI) flows, and innovation.",Start with a short synthesis or pilot that follows the nearest mediating topics.,"['foreign direct investments', 'foreign direct investment (FDI) flows', 'innovation']",How might intellectual property rights (IPR) protection change income inequality?,intellectual property rights (IPR) protection,income inequality,0.09967,3,3,3,3.4027,intellectual-property-rights-protection-income-inequality,/questions/#FG3C000025__FG3C005708,keep,should_be_path_level_not_direct_edge,reframe_as_path_question,add_path_level_candidate_object
53,FG3C000255__FG3C002438,path_question,promote_path_question,promote,Through which nearby pathways might Special economic zones shape production?,"Nearby papers already suggest routes through migration, shadow prices, and employment.",Start with a short synthesis or pilot that follows the nearest mediating topics.,"['migration', 'shadow prices', 'employment']",How might Special economic zones change production?,Special economic zones,production,0.099657,5,5,5,4.6008,special-economic-zones-production,/questions/#FG3C000255__FG3C002438,keep,should_be_path_level_not_direct_edge,reframe_as_path_question,require_more_path_support
54,FG3C000242__FG3C002284,path_question,downrank_path_question,downrank,Through which nearby pathways might digital finance shape firm total factor productivity (TFP)?,"Nearby papers already suggest routes through financing constraints, green innovation, and technological innovation.",Treat this as a lower-priority path question unless stronger local support appears.,"['financing constraints', 'green innovation', 'technological innovation']",How might digital finance change firm total factor productivity (TFP)?,digital finance,firm total factor productivity (TFP),0.099514,18,18,18,4.9259,digital-finance-firm-total-factor-productivity,/questions/#FG3C000242__FG3C002284,downrank,should_be_path_level_not_direct_edge,reframe_as_path_question,require_more_path_support
55,FG3C000088__FG3C004458,path_question,promote_path_question,promote,Through which nearby pathways might high-frequency trading shape market efficiency?,"Nearby papers already suggest routes through liquidity, volatility, and market liquidity.",Start with a short synthesis or pilot that follows the nearest mediating topics.,"['liquidity', 'volatility', 'market liquidity']",How might high-frequency trading change market efficiency?,high-frequency trading,market efficiency,0.099477,3,3,3,3.4026,high-frequency-trading-market-efficiency,/questions/#FG3C000088__FG3C004458,keep,should_be_path_level_not_direct_edge,reframe_as_path_question,require_more_path_support
56,FG3C000004__FG3C000753,path_question,promote_path_question,promote,Through which nearby pathways might high-speed rail shape welfare?,"Nearby papers already suggest routes through air transport, executive compensation, and tourism.",Start with a short synthesis or pilot that follows the nearest mediating topics.,"['air transport', 'executive compensation', 'tourism']",How might high-speed rail change welfare?,high-speed rail,welfare,0.099035,13,13,12,1.9053,high-speed-rail-welfare,/questions/#FG3C000004__FG3C000753,keep,should_be_path_level_not_direct_edge,reframe_as_path_question,require_more_path_support
57,FG3C000088__FG3C005928,path_question,downrank_path_question,downrank,Through which nearby pathways might negative news sentiment shape market efficiency?,"Nearby papers already suggest routes through liquidity, volatility, and cryptocurrency returns.",Treat this as a lower-priority path question unless stronger local support appears.,"['liquidity', 'volatility', 'cryptocurrency returns']",How might negative news sentiment change market efficiency?,negative news sentiment,market efficiency,0.099019,3,3,3,3.403,negative-news-sentiment-market-efficiency,/questions/#FG3C000088__FG3C005928,downrank,should_be_path_level_not_direct_edge,reframe_as_path_question,add_path_level_candidate_object
58,FG3C000165__FG3C000246,path_question,promote_path_question,promote,Through which nearby pathways might geopolitical risk shape green growth?,"Nearby papers already suggest routes through renewable energy consumption, financial development, and carbon emissions.",Start with a short synthesis or pilot that follows the nearest mediating topics.,"['renewable energy consumption', 'financial development', 'carbon emissions']",How might geopolitical risk change green growth?,geopolitical risk,green growth,0.098702,21,21,20,3.6318,geopolitical-risk-green-growth,/questions/#FG3C000165__FG3C000246,keep,should_be_path_level_not_direct_edge,reframe_as_path_question,add_path_level_candidate_object
59,FG3C001452__FG3C002075,path_question,promote_path_question,promote,Through which nearby pathways might race/ethnicity shape catastrophic health expenditures?,"Nearby papers already suggest routes through health insurance coverage, hospitalization, and lack of health insurance.",Start with a short synthesis or pilot that follows the nearest mediating topics.,"['health insurance coverage', 'hospitalization', 'lack of health insurance']",How might race/ethnicity change catastrophic health expenditures?,race/ethnicity,catastrophic health expenditures,0.098414,3,3,3,3.4017,race-ethnicity-catastrophic-health-expenditures,/questions/#FG3C001452__FG3C002075,keep,should_be_path_level_not_direct_edge,reframe_as_path_question,require_more_path_support
60,FG3C000062__FG3C006303,path_question,downrank_path_question,downrank,Through which nearby pathways might level of debt shape efficiency?,"Nearby papers already suggest routes through equity, liquid assets, and financial performance.",Treat this as a lower-priority path question unless stronger local support appears.,"['equity', 'liquid assets', 'financial performance']",How might level of debt change efficiency?,level of debt,efficiency,0.098234,3,3,4,3.401,level-of-debt-efficiency,/questions/#FG3C000062__FG3C006303,downrank,should_be_path_level_not_direct_edge,reframe_as_path_question,require_more_path_support
61,FG3C000015__FG3C006008,path_question,promote_path_question,promote,Through which nearby pathways might foreign direct investments shape regional green development?,"Nearby papers already suggest routes through technological innovation, green productivity growth, and SO2 emissions.",Start with a short synthesis or pilot that follows the nearest mediating topics.,"['technological innovation', 'green productivity growth', 'SO2 emissions']",How might foreign direct investments change regional green development?,foreign direct investments,regional green development,0.097945,6,6,7,0.2045,foreign-direct-investments-regional-green-development,/questions/#FG3C000015__FG3C006008,keep,already_saturated,reframe_as_path_question,require_more_path_support
62,FG3C000011__FG3C003025,path_question,downrank_path_question,downrank,Through which nearby pathways might foreign exchange intervention shape output?,"Nearby papers already suggest routes through monetary policy, exchange rate, and aggregate demand shocks.",Treat this as a lower-priority path question unless stronger local support appears.,"['monetary policy', 'exchange rate', 'aggregate demand shocks']",How might foreign exchange intervention change output?,foreign exchange intervention,output,0.097849,11,11,12,0.7041,foreign-exchange-intervention-output,/questions/#FG3C000011__FG3C003025,downrank,should_be_path_level_not_direct_edge,reframe_as_path_question,require_more_path_support
63,FG3C001621__FG3C005649,path_question,promote_path_question,promote,Through which nearby pathways might property taxes shape price-to-rent ratio?,"Nearby papers already suggest routes through house prices, housing stock, and housing price.",Start with a short synthesis or pilot that follows the nearest mediating topics.,"['house prices', 'housing stock', 'housing price']",How might property taxes change price-to-rent ratio?,property taxes,price-to-rent ratio,0.097731,3,3,3,3.4014,property-taxes-price-to-rent-ratio,/questions/#FG3C001621__FG3C005649,keep,should_be_path_level_not_direct_edge,reframe_as_path_question,require_more_path_support
64,FG3C000071__FG3C002742,path_question,promote_path_question,promote,Through which nearby pathways might economic policy uncertainty shape bond yield spreads?,"Nearby papers already suggest routes through ESG ratings, uncertainty measures, and analyst earnings forecasts.",Start with a short synthesis or pilot that follows the nearest mediating topics.,"['ESG ratings', 'uncertainty measures', 'analyst earnings forecasts']",How might economic policy uncertainty change bond yield spreads?,economic policy uncertainty,bond yield spreads,0.097564,8,8,7,1.4035,economic-policy-uncertainty-bond-yield-spreads,/questions/#FG3C000071__FG3C002742,keep,should_be_path_level_not_direct_edge,reframe_as_path_question,require_more_path_support
65,FG3C000025__FG3C000753,path_question,promote_path_question,promote,Through which nearby pathways might high-speed rail shape income inequality?,"Nearby papers already suggest routes through financial development, technological innovation, and city size distribution.",Start with a short synthesis or pilot that follows the nearest mediating topics.,"['financial development', 'technological innovation', 'city size distribution']",How might high-speed rail change income inequality?,high-speed rail,income inequality,0.097419,15,15,12,3.107,high-speed-rail-income-inequality,/questions/#FG3C000025__FG3C000753,keep,should_be_path_level_not_direct_edge,reframe_as_path_question,add_path_level_candidate_object
66,FG3C005515__FG3C005999,path_question,promote_path_question,promote,Through which nearby pathways might EQ-5D index score shape choice data?,Nearby papers already suggest routes through quality of life and consistency.,Start with a short synthesis or pilot that follows the nearest mediating topics.,"['quality of life', 'consistency']",How might EQ-5D index score change choice data?,EQ-5D index score,choice data,0.097372,2,2,2,12.3018,eq-5d-index-score-choice-data,/questions/#FG3C005515__FG3C005999,keep,should_be_path_level_not_direct_edge,reframe_as_path_question,require_more_path_support
67,FG3C000005__FG3C000166,path_question,promote_path_question,promote,Through which nearby pathways might COVID-19 pandemic shape aggregate demand?,"Nearby papers already suggest routes through income distribution, consumption, and exports.",Start with a short synthesis or pilot that follows the nearest mediating topics.,"['income distribution', 'consumption', 'exports']",How might COVID-19 pandemic change aggregate demand?,COVID-19 pandemic,aggregate demand,0.097261,20,20,19,6.1063,covid-19-pandemic-aggregate-demand,/questions/#FG3C000005__FG3C000166,keep,should_be_path_level_not_direct_edge,reframe_as_path_question,add_path_level_candidate_object
68,FG3C000027__FG3C001717,path_question,promote_path_question,promote,Through which nearby pathways might interest rates shape price-cost margin?,"Nearby papers already suggest routes through inflation, exchange rates, and prices.",Start with a short synthesis or pilot that follows the nearest mediating topics.,"['inflation', 'exchange rates', 'prices']",How might interest rates change price-cost margin?,interest rates,price-cost margin,0.097199,5,5,4,4.6026,interest-rates-price-cost-margin,/questions/#FG3C000027__FG3C001717,keep,should_be_path_level_not_direct_edge,reframe_as_path_question,require_more_path_support
69,FG3C000015__FG3C003490,path_question,promote_path_question,promote,Through which nearby pathways might foreign direct investments shape new-type urbanization?,"Nearby papers already suggest routes through energy consumption, financial development, and human capital.",Start with a short synthesis or pilot that follows the nearest mediating topics.,"['energy consumption', 'financial development', 'human capital']",How might foreign direct investments change new-type urbanization?,foreign direct investments,new-type urbanization,0.097157,7,7,7,0.8098,foreign-direct-investments-new-type-urbanization,/questions/#FG3C000015__FG3C003490,keep,should_be_path_level_not_direct_edge,reframe_as_path_question,add_path_level_candidate_object
70,FG3C000753__FG3C003177,path_question,promote_path_question,promote,Through which nearby pathways might high-speed rail shape urban green total factor productivity (GTFP)?,"Nearby papers already suggest routes through technological innovation, talent, and industrial agglomeration.",Start with a short synthesis or pilot that follows the nearest mediating topics.,"['technological innovation', 'talent', 'industrial agglomeration']",How might high-speed rail change urban green total factor productivity (GTFP)?,high-speed rail,urban green total factor productivity (GTFP),0.097134,15,15,15,5.6075,high-speed-rail-urban-green-total-factor-productivity,/questions/#FG3C000753__FG3C003177,keep,should_be_path_level_not_direct_edge,reframe_as_path_question,add_path_level_candidate_object
71,FG3C000269__FG3C001067,path_question,downrank_path_question,downrank,Through which nearby pathways might COVID-19 outbreak shape non-performing loans?,"Nearby papers already suggest routes through housing prices, bank profitability, and ESG performance.",Treat this as a lower-priority path question unless stronger local support appears.,"['housing prices', 'bank profitability', 'ESG performance']",How might COVID-19 outbreak change non-performing loans?,COVID-19 outbreak,non-performing loans,0.097099,8,8,7,1.4023,covid-19-outbreak-non-performing-loans,/questions/#FG3C000269__FG3C001067,downrank,already_saturated,reframe_as_path_question,require_more_path_support
72,FG3C000215__FG3C001052,path_question,downrank_path_question,downrank,Through which nearby pathways might natural resource dependence shape green total factor productivity (GTFP)?,"Nearby papers already suggest routes through green technology innovation, environmental regulation, and green technological innovation.",Treat this as a lower-priority path question unless stronger local support appears.,"['green technology innovation', 'environmental regulation', 'green technological innovation']",How might natural resource dependence change green total factor productivity (GTFP)?,natural resource dependence,green total factor productivity (GTFP),0.096962,14,14,12,5.0206,natural-resource-dependence-green-total-factor-productivity,/questions/#FG3C000215__FG3C001052,downrank,should_be_path_level_not_direct_edge,reframe_as_path_question,add_path_level_candidate_object
73,FG3C000008__FG3C002465,path_question,downrank_path_question,downrank,Through which nearby pathways might income shape out-of-pocket payment?,"Nearby papers already suggest routes through inpatient care utilization, use of medical services, and financial development.",Treat this as a lower-priority path question unless stronger local support appears.,"['inpatient care utilization', 'use of medical services', 'financial development']",How might income change out-of-pocket payment?,income,out-of-pocket payment,0.096921,5,5,4,4.6016,income-out-of-pocket-payment,/questions/#FG3C000008__FG3C002465,downrank,should_be_path_level_not_direct_edge,reframe_as_path_question,require_more_path_support
74,FG3C000011__FG3C002438,path_question,promote_path_question,promote,Through which nearby pathways might Special economic zones shape output?,"Nearby papers already suggest routes through investment, house prices, and shadow prices.",Start with a short synthesis or pilot that follows the nearest mediating topics.,"['investment', 'house prices', 'shadow prices']",How might Special economic zones change output?,Special economic zones,output,0.096901,4,4,4,4.0026,special-economic-zones-output,/questions/#FG3C000011__FG3C002438,keep,should_be_path_level_not_direct_edge,reframe_as_path_question,require_more_path_support
75,FG3C000061__FG3C000068,path_question,promote_path_question,promote,Through which nearby pathways might digital economy shape total factor productivity (TFP)?,"Nearby papers already suggest routes through human capital, technological innovation, and technological progress.",Start with a short synthesis or pilot that follows the nearest mediating topics.,"['human capital', 'technological innovation', 'technological progress']",How might digital economy change total factor productivity (TFP)?,digital economy,total factor productivity (TFP),0.096898,33,33,33,6.1637,digital-economy-total-factor-productivity,/questions/#FG3C000061__FG3C000068,keep,should_be_path_level_not_direct_edge,reframe_as_path_question,add_mediator_expansion_object
76,FG3C000600__FG3C004663,path_question,promote_path_question,promote,Through which nearby pathways might TVP-SV-VAR model shape food prices?,"Nearby papers already suggest routes through crude oil prices, oil prices, and volatility spillovers.",Start with a short synthesis or pilot that follows the nearest mediating topics.,"['crude oil prices', 'oil prices', 'volatility spillovers']",How might TVP-SV-VAR model change food prices?,TVP-SV-VAR model,food prices,0.096872,3,3,3,3.4015,tvp-sv-var-model-food-prices,/questions/#FG3C000600__FG3C004663,keep,promising_as_is,reframe_as_path_question,require_more_path_support
77,FG3C000015__FG3C000113,path_question,promote_path_question,promote,Through which nearby pathways might foreign direct investments shape firm performance?,"Nearby papers already suggest routes through productivity, technological innovation, and air pollution.",Start with a short synthesis or pilot that follows the nearest mediating topics.,"['productivity', 'technological innovation', 'air pollution']",How might foreign direct investments change firm performance?,foreign direct investments,firm performance,0.096793,12,12,11,1.3054,foreign-direct-investments-firm-performance,/questions/#FG3C000015__FG3C000113,keep,should_be_path_level_not_direct_edge,reframe_as_path_question,add_path_level_candidate_object
78,FG3C000094__FG3C002487,path_question,promote_path_question,promote,Through which nearby pathways might free trade agreements shape green technology innovation?,Nearby papers already suggest routes through digital transformation and market competition.,Start with a short synthesis or pilot that follows the nearest mediating topics.,"['digital transformation', 'market competition']",How might free trade agreements change green technology innovation?,free trade agreements,green technology innovation,0.096724,2,2,2,5.3029,free-trade-agreements-green-technology-innovation,/questions/#FG3C000094__FG3C002487,keep,promising_as_is,reframe_as_path_question,require_more_path_support
79,FG3C002487__FG3C005256,mediator_question,promote_mediator_question,promote,Which nearby mechanisms most plausibly link free trade agreements to welfare level?,"The main open question is which channel does the work: trade liberalization, free trade, and pattern of trade.",Start by testing which nearby channel carries the effect.,"['trade liberalization', 'free trade', 'pattern of trade']",How might free trade agreements change welfare level?,free trade agreements,welfare level,0.096658,3,3,3,3.4013,free-trade-agreements-welfare-level,/questions/#FG3C002487__FG3C005256,keep,should_be_path_level_not_direct_edge,reframe_as_mediator_question,require_more_mediator_diversity
80,FG3C000004__FG3C006498,path_question,promote_path_question,promote,Through which nearby pathways might money growth rate shape welfare?,"Nearby papers already suggest routes through inflation, inflation rate, and unemployment.",Start with a short synthesis or pilot that follows the nearest mediating topics.,"['inflation', 'inflation rate', 'unemployment']",How might money growth rate change welfare?,money growth rate,welfare,0.096368,11,11,11,0.7151,money-growth-rate-welfare,/questions/#FG3C000004__FG3C006498,keep,should_be_path_level_not_direct_edge,reframe_as_path_question,require_more_path_support
81,FG3C000005__FG3C001452,path_question,downrank_path_question,downrank,Through which nearby pathways might COVID-19 pandemic shape catastrophic health expenditures?,"Nearby papers already suggest routes through household income, unemployment, and poverty.",Treat this as a lower-priority path question unless stronger local support appears.,"['household income', 'unemployment', 'poverty']",How might COVID-19 pandemic change catastrophic health expenditures?,COVID-19 pandemic,catastrophic health expenditures,0.095896,4,4,4,6.502,covid-19-pandemic-catastrophic-health-expenditures,/questions/#FG3C000005__FG3C001452,downrank,should_be_path_level_not_direct_edge,reframe_as_path_question,add_path_level_candidate_object
82,FG3C000083__FG3C006303,path_question,downrank_path_question,downrank,Through which nearby pathways might trade liberalization shape level of debt?,"Nearby papers already suggest routes through product market competition, income inequality, and imports.",Treat this as a lower-priority path question unless stronger local support appears.,"['product market competition', 'income inequality', 'imports']",How might trade liberalization change level of debt?,trade liberalization,level of debt,0.095807,7,7,7,5.802,trade-liberalization-level-of-debt,/questions/#FG3C000083__FG3C006303,downrank,should_be_path_level_not_direct_edge,reframe_as_path_question,add_path_level_candidate_object
83,FG3C000004__FG3C000384,path_question,promote_path_question,promote,Through which nearby pathways might information and communication technology (ICT) shape welfare?,"Nearby papers already suggest routes through trade openness, productivity, and shadow economy.",Start with a short synthesis or pilot that follows the nearest mediating topics.,"['trade openness', 'productivity', 'shadow economy']",How might information and communication technology (ICT) change welfare?,information and communication technology (ICT),welfare,0.095798,21,21,21,6.1067,information-and-communication-technology-welfare,/questions/#FG3C000004__FG3C000384,keep,should_be_path_level_not_direct_edge,reframe_as_path_question,add_path_level_candidate_object
84,FG3C000159__FG3C005155,direct_edge_question,keep_direct_edge,keep,How might monetary policy shocks change cyclical component?,monetary policy shocks and cyclical component are already linked by 3 nearby intermediate topics.,A short synthesis or pilot design looks like the sensible first move.,"['output', 'unemployment', 'unemployment rate']",How might monetary policy shocks change cyclical component?,monetary policy shocks,cyclical component,0.095678,3,3,3,3.4021,monetary-policy-shocks-cyclical-component,/questions/#FG3C000159__FG3C005155,keep,promising_as_is,keep_direct_edge,require_more_path_support
85,FG3C002487__FG3C004651,path_question,promote_path_question,promote,Through which nearby pathways might free trade agreements shape urban concentration?,"Nearby papers already suggest routes through trade liberalization, international trade, and transaction costs.",Start with a short synthesis or pilot that follows the nearest mediating topics.,"['trade liberalization', 'international trade', 'transaction costs']",How might free trade agreements change urban concentration?,free trade agreements,urban concentration,0.095676,3,3,3,3.4017,free-trade-agreements-urban-concentration,/questions/#FG3C002487__FG3C004651,keep,should_be_path_level_not_direct_edge,reframe_as_path_question,add_path_level_candidate_object
86,FG3C000088__FG3C002623,path_question,promote_path_question,promote,Through which nearby pathways might U.S. economic policy uncertainty shape market efficiency?,"Nearby papers already suggest routes through volatility connectedness, utilities sector, and BRICS stock markets.",Start with a short synthesis or pilot that follows the nearest mediating topics.,"['volatility connectedness', 'utilities sector', 'BRICS stock markets']",How might U.S. economic policy uncertainty change market efficiency?,U.S. economic policy uncertainty,market efficiency,0.09566,4,4,4,4.0018,u-s-economic-policy-uncertainty-market-efficiency,/questions/#FG3C000088__FG3C002623,keep,already_saturated,reframe_as_path_question,add_path_level_candidate_object
87,FG3C000215__FG3C000384,path_question,downrank_path_question,downrank,Through which nearby pathways might information and communication technology (ICT) shape green total factor productivity (GTFP)?,"Nearby papers already suggest routes through foreign direct investments, carbon dioxide (CO2) emission, and financial development.",Treat this as a lower-priority path question unless stronger local support appears.,"['foreign direct investments', 'carbon dioxide (CO2) emission', 'financial development']",How might information and communication technology (ICT) change green total factor productivity (GTFP)?,information and communication technology (ICT),green total factor productivity (GTFP),0.095635,17,17,19,6.8081,information-and-communication-technology-green-total-factor-productivity,/questions/#FG3C000215__FG3C000384,downrank,should_be_path_level_not_direct_edge,reframe_as_path_question,require_more_path_support
88,FG3C000015__FG3C000023,path_question,promote_path_question,promote,Through which nearby pathways might foreign direct investments shape social welfare?,"Nearby papers already suggest routes through income inequality, energy consumption, and ecological footprint.",Start with a short synthesis or pilot that follows the nearest mediating topics.,"['income inequality', 'energy consumption', 'ecological footprint']",How might foreign direct investments change social welfare?,foreign direct investments,social welfare,0.095629,12,12,14,1.3113,foreign-direct-investments-social-welfare,/questions/#FG3C000015__FG3C000023,keep,should_be_path_level_not_direct_edge,reframe_as_path_question,require_more_path_support
89,FG3C000159__FG3C001067,path_question,downrank_path_question,downrank,Through which nearby pathways might monetary policy shocks shape non-performing loans?,"Nearby papers already suggest routes through inflation, loan growth, and unemployment.",Treat this as a lower-priority path question unless stronger local support appears.,"['inflation', 'loan growth', 'unemployment']",How might monetary policy shocks change non-performing loans?,monetary policy shocks,non-performing loans,0.095625,9,9,9,2.0069,monetary-policy-shocks-non-performing-loans,/questions/#FG3C000159__FG3C001067,downrank,should_be_path_level_not_direct_edge,reframe_as_path_question,add_path_level_candidate_object
90,FG3C000004__FG3C005412,path_question,downrank_path_question,downrank,Through which nearby pathways might urban size shape welfare?,"Nearby papers already suggest routes through price dispersion, production efficiency, and skilled workers.",Treat this as a lower-priority path question unless stronger local support appears.,"['price dispersion', 'production efficiency', 'skilled workers']",How might urban size change welfare?,urban size,welfare,0.095554,6,6,7,2.701,urban-size-welfare,/questions/#FG3C000004__FG3C005412,downrank,should_be_path_level_not_direct_edge,reframe_as_path_question,require_more_path_support
91,FG3C000611__FG3C005708,path_question,downrank_path_question,downrank,Through which nearby pathways might intellectual property rights (IPR) protection shape green economic growth?,"Nearby papers already suggest routes through foreign direct investments, green technology, and foreign direct investment (FDI) flows.",Treat this as a lower-priority path question unless stronger local support appears.,"['foreign direct investments', 'green technology', 'foreign direct investment (FDI) flows']",How might intellectual property rights (IPR) protection change green economic growth?,intellectual property rights (IPR) protection,green economic growth,0.095545,4,4,4,6.502,intellectual-property-rights-protection-green-economic-growth,/questions/#FG3C000611__FG3C005708,downrank,should_be_path_level_not_direct_edge,reframe_as_path_question,require_more_path_support
92,FG3C000048__FG3C000149,path_question,promote_path_question,promote,Through which nearby pathways might foreign direct investment shape poverty?,"Nearby papers already suggest routes through economic growth, carbon emissions, and financial inclusion.",Start with a short synthesis or pilot that follows the nearest mediating topics.,"['economic growth', 'carbon emissions', 'financial inclusion']",How might foreign direct investment change poverty?,foreign direct investment,poverty,0.095299,11,11,11,0.7564,foreign-direct-investment-poverty,/questions/#FG3C000048__FG3C000149,keep,already_saturated,reframe_as_path_question,require_more_path_support
93,FG3C000013__FG3C000869,path_question,downrank_path_question,downrank,Through which nearby pathways might technological innovation shape urban-rural income gap?,"Nearby papers already suggest routes through industrial structure upgrading, financial development, and green total factor productivity (GTFP).",Treat this as a lower-priority path question unless stronger local support appears.,"['industrial structure upgrading', 'financial development', 'green total factor productivity (GTFP)']",How might technological innovation change urban-rural income gap?,technological innovation,urban-rural income gap,0.095017,17,17,18,4.3181,technological-innovation-urban-rural-income-gap,/questions/#FG3C000013__FG3C000869,downrank,should_be_path_level_not_direct_edge,reframe_as_path_question,add_mediator_expansion_object
94,FG3C000094__FG3C000753,path_question,promote_path_question,promote,Through which nearby pathways might high-speed rail shape green technology innovation?,"Nearby papers already suggest routes through industrial agglomeration, financial agglomeration, and spatial agglomeration.",Start with a short synthesis or pilot that follows the nearest mediating topics.,"['industrial agglomeration', 'financial agglomeration', 'spatial agglomeration']",How might high-speed rail change green technology innovation?,high-speed rail,green technology innovation,0.09482,15,15,13,5.6071,high-speed-rail-green-technology-innovation,/questions/#FG3C000094__FG3C000753,keep,promising_as_is,reframe_as_path_question,add_path_level_candidate_object
95,FG3C000005__FG3C000094,path_question,promote_path_question,promote,Through which nearby pathways might COVID-19 pandemic shape green technology innovation?,"Nearby papers already suggest routes through green credit, equity returns, and investor attention.",Start with a short synthesis or pilot that follows the nearest mediating topics.,"['green credit', 'equity returns', 'investor attention']",How might COVID-19 pandemic change green technology innovation?,COVID-19 pandemic,green technology innovation,0.094734,14,14,14,5.0046,covid-19-pandemic-green-technology-innovation,/questions/#FG3C000005__FG3C000094,keep,promising_as_is,reframe_as_path_question,add_mediator_expansion_object
96,FG3C000071__FG3C000193,path_question,promote_path_question,promote,Through which nearby pathways might economic policy uncertainty shape firm value?,"Nearby papers already suggest routes through corporate cash holdings, ESG performance, and debt issuance.",Start with a short synthesis or pilot that follows the nearest mediating topics.,"['corporate cash holdings', 'ESG performance', 'debt issuance']",How might economic policy uncertainty change firm value?,economic policy uncertainty,firm value,0.094723,11,11,11,0.704,economic-policy-uncertainty-firm-value,/questions/#FG3C000071__FG3C000193,keep,should_be_path_level_not_direct_edge,reframe_as_path_question,add_path_level_candidate_object
97,FG3C000004__FG3C000012,path_question,downrank_path_question,downrank,Through which nearby pathways might urbanization shape welfare?,"Nearby papers already suggest routes through trade openness, trade, and productivity.",Treat this as a lower-priority path question unless stronger local support appears.,"['trade openness', 'trade', 'productivity']",How might urbanization change welfare?,urbanization,welfare,0.094623,20,20,19,3.6084,urbanization-welfare,/questions/#FG3C000004__FG3C000012,downrank,should_be_path_level_not_direct_edge,reframe_as_path_question,add_path_level_candidate_object
98,FG3C000025__FG3C002438,path_question,promote_path_question,promote,Through which nearby pathways might Special economic zones shape income inequality?,"Nearby papers already suggest routes through financial liberalization, technological progress, and innovation.",Start with a short synthesis or pilot that follows the nearest mediating topics.,"['financial liberalization', 'technological progress', 'innovation']",How might Special economic zones change income inequality?,Special economic zones,income inequality,0.09453,10,10,9,7.6028,special-economic-zones-income-inequality,/questions/#FG3C000025__FG3C002438,keep,should_be_path_level_not_direct_edge,reframe_as_path_question,add_path_level_candidate_object
99,FG3C000437__FG3C002487,path_question,promote_path_question,promote,Through which nearby pathways might free trade agreements shape green investment?,"Nearby papers already suggest routes through free trade, digital transformation, and industry structure.",Start with a short synthesis or pilot that follows the nearest mediating topics.,"['free trade', 'digital transformation', 'industry structure']",How might free trade agreements change green investment?,free trade agreements,green investment,0.09451,4,4,4,4.0017,free-trade-agreements-green-investment,/questions/#FG3C000437__FG3C002487,keep,should_be_path_level_not_direct_edge,reframe_as_path_question,add_path_level_candidate_object
100,FG3C000254__FG3C001210,path_question,promote_path_question,promote,Through which nearby pathways might government spending shocks shape real interest rates?,"Nearby papers already suggest routes through inflation, expected inflation, and consumption.",Start with a short synthesis or pilot that follows the nearest mediating topics.,"['inflation', 'expected inflation', 'consumption']",How might government spending shocks change real interest rates?,government spending shocks,real interest rates,0.09435,7,7,7,0.8035,government-spending-shocks-real-interest-rates,/questions/#FG3C000254__FG3C001210,keep,should_be_path_level_not_direct_edge,reframe_as_path_question,add_path_level_candidate_object
101,FG3C000005__FG3C002284,path_question,promote_path_question,promote,Through which nearby pathways might COVID-19 pandemic shape firm total factor productivity (TFP)?,"Nearby papers already suggest routes through exports, green credit, and small businesses.",Start with a short synthesis or pilot that follows the nearest mediating topics.,"['exports', 'green credit', 'small businesses']",How might COVID-19 pandemic change firm total factor productivity (TFP)?,COVID-19 pandemic,firm total factor productivity (TFP),0.094154,15,15,15,5.6075,covid-19-pandemic-firm-total-factor-productivity,/questions/#FG3C000005__FG3C002284,keep,should_be_path_level_not_direct_edge,reframe_as_path_question,add_path_level_candidate_object
102,FG3C000053__FG3C002487,path_question,promote_path_question,promote,Through which nearby pathways might free trade agreements shape green innovation?,"Nearby papers already suggest routes through digital transformation, international cooperation, and transaction costs.",Start with a short synthesis or pilot that follows the nearest mediating topics.,"['digital transformation', 'international cooperation', 'transaction costs']",How might free trade agreements change green innovation?,free trade agreements,green innovation,0.094141,3,3,3,3.4022,free-trade-agreements-green-innovation,/questions/#FG3C000053__FG3C002487,keep,should_be_path_level_not_direct_edge,reframe_as_path_question,add_path_level_candidate_object
103,FG3C000176__FG3C002487,path_question,promote_path_question,promote,Through which nearby pathways might free trade agreements shape real wages?,"Nearby papers already suggest routes through productivity, productivity growth, and total factor productivity.",Start with a short synthesis or pilot that follows the nearest mediating topics.,"['productivity', 'productivity growth', 'total factor productivity']",How might free trade agreements change real wages?,free trade agreements,real wages,0.094079,5,5,4,4.6013,free-trade-agreements-real-wages,/questions/#FG3C000176__FG3C002487,keep,not_paper_shaped,reframe_as_path_question,require_more_mediator_diversity
104,FG3C000015__FG3C001866,path_question,promote_path_question,promote,Through which nearby pathways might foreign direct investments shape output per worker?,"Nearby papers already suggest routes through energy consumption, total factor productivity (TFP), and financial development.",Start with a short synthesis or pilot that follows the nearest mediating topics.,"['energy consumption', 'total factor productivity (TFP)', 'financial development']",How might foreign direct investments change output per worker?,foreign direct investments,output per worker,0.093945,7,7,5,0.8117,foreign-direct-investments-output-per-worker,/questions/#FG3C000015__FG3C001866,keep,should_be_path_level_not_direct_edge,reframe_as_path_question,add_path_level_candidate_object
105,FG3C000705__FG3C004458,path_question,downrank_path_question,downrank,Through which nearby pathways might high-frequency trading shape herding behavior?,"Nearby papers already suggest routes through liquidity, volatility, and stock liquidity.",Treat this as a lower-priority path question unless stronger local support appears.,"['liquidity', 'volatility', 'stock liquidity']",How might high-frequency trading change herding behavior?,high-frequency trading,herding behavior,0.093865,4,4,4,4.0013,high-frequency-trading-herding-behavior,/questions/#FG3C000705__FG3C004458,downrank,not_paper_shaped,reframe_as_path_question,require_more_path_support
106,FG3C000797__FG3C002438,path_question,promote_path_question,promote,Through which nearby pathways might Special economic zones shape green total factor productivity?,"Nearby papers already suggest routes through technological progress, technological innovation, and green finance.",Start with a short synthesis or pilot that follows the nearest mediating topics.,"['technological progress', 'technological innovation', 'green finance']",How might Special economic zones change green total factor productivity?,Special economic zones,green total factor productivity,0.093738,4,4,4,6.5023,special-economic-zones-green-total-factor-productivity,/questions/#FG3C000797__FG3C002438,keep,should_be_path_level_not_direct_edge,reframe_as_path_question,require_more_path_support
107,FG3C000009__FG3C004663,path_question,promote_path_question,promote,Through which nearby pathways might TVP-SV-VAR model shape unemployment?,"Nearby papers already suggest routes through land prices, oil prices, and implied volatility.",Start with a short synthesis or pilot that follows the nearest mediating topics.,"['land prices', 'oil prices', 'implied volatility']",How might TVP-SV-VAR model change unemployment?,TVP-SV-VAR model,unemployment,0.093703,4,4,4,4.0012,tvp-sv-var-model-unemployment,/questions/#FG3C000009__FG3C004663,keep,should_be_path_level_not_direct_edge,reframe_as_path_question,add_path_level_candidate_object
108,FG3C000042__FG3C002623,path_question,promote_path_question,promote,Through which nearby pathways might U.S. economic policy uncertainty shape trading volume?,"Nearby papers already suggest routes through volatility connectedness, natural gas price volatility, and market returns.",Start with a short synthesis or pilot that follows the nearest mediating topics.,"['volatility connectedness', 'natural gas price volatility', 'market returns']",How might U.S. economic policy uncertainty change trading volume?,U.S. economic policy uncertainty,trading volume,0.093573,4,4,4,4.0016,u-s-economic-policy-uncertainty-trading-volume,/questions/#FG3C000042__FG3C002623,keep,promising_as_is,reframe_as_path_question,add_path_level_candidate_object
109,FG3C000015__FG3C000753,path_question,promote_path_question,promote,Through which nearby pathways might high-speed rail shape foreign direct investments?,"Nearby papers already suggest routes through technological innovation, financial development, and structure effect.",Start with a short synthesis or pilot that follows the nearest mediating topics.,"['technological innovation', 'financial development', 'structure effect']",How might high-speed rail change foreign direct investments?,high-speed rail,foreign direct investments,0.093561,7,7,6,0.8027,high-speed-rail-foreign-direct-investments,/questions/#FG3C000015__FG3C000753,keep,promising_as_is,reframe_as_path_question,add_path_level_candidate_object
110,FG3C002438__FG3C004143,mediator_question,promote_mediator_question,promote,Which nearby mechanisms most plausibly link Special economic zones to industrial transformation?,"The main open question is which channel does the work: technological innovation, foreign investment, and eastern regions.",Start by testing which nearby channel carries the effect.,"['technological innovation', 'foreign investment', 'eastern regions']",How might Special economic zones change industrial transformation?,Special economic zones,industrial transformation,0.093466,4,4,4,4.0011,special-economic-zones-industrial-transformation,/questions/#FG3C002438__FG3C004143,keep,should_be_path_level_not_direct_edge,reframe_as_mediator_question,add_mediator_expansion_object
111,FG3C000005__FG3C001741,path_question,promote_path_question,promote,Through which nearby pathways might COVID-19 pandemic shape green technology innovations?,"Nearby papers already suggest routes through economic policy uncertainty (EPU), regional characteristics, and environmental quality.",Start with a short synthesis or pilot that follows the nearest mediating topics.,"['economic policy uncertainty (EPU)', 'regional characteristics', 'environmental quality']",How might COVID-19 pandemic change green technology innovations?,COVID-19 pandemic,green technology innovations,0.093298,4,4,3,6.5051,covid-19-pandemic-green-technology-innovations,/questions/#FG3C000005__FG3C001741,keep,already_saturated,reframe_as_path_question,add_path_level_candidate_object
112,FG3C000109__FG3C003532,path_question,downrank_path_question,downrank,Through which nearby pathways might Preferred provider organizations (PPOs) shape quality of care?,"Nearby papers already suggest routes through managed care, utilization, and drug shortages.",Treat this as a lower-priority path question unless stronger local support appears.,"['managed care', 'utilization', 'drug shortages']",How might Preferred provider organizations (PPOs) change quality of care?,Preferred provider organizations (PPOs),quality of care,0.093029,6,6,6,0.2019,preferred-provider-organizations-quality-of-care,/questions/#FG3C000109__FG3C003532,downrank,should_be_path_level_not_direct_edge,reframe_as_path_question,add_path_level_candidate_object
113,FG3C000061__FG3C005708,path_question,promote_path_question,promote,Through which nearby pathways might intellectual property rights (IPR) protection shape total factor productivity (TFP)?,"Nearby papers already suggest routes through foreign direct investments, foreign direct investment (FDI) flows, and innovation output.",Start with a short synthesis or pilot that follows the nearest mediating topics.,"['foreign direct investments', 'foreign direct investment (FDI) flows', 'innovation output']",How might intellectual property rights (IPR) protection change total factor productivity (TFP)?,intellectual property rights (IPR) protection,total factor productivity (TFP),0.0928,6,6,6,7.702,intellectual-property-rights-protection-total-factor-productivity,/questions/#FG3C000061__FG3C005708,keep,should_be_path_level_not_direct_edge,reframe_as_path_question,add_path_level_candidate_object
114,FG3C000515__FG3C005535,path_question,promote_path_question,promote,Through which nearby pathways might ESG investments shape sustainable development goals?,"Nearby papers already suggest routes through environmental sustainability, green finance, and business performance.",Start with a short synthesis or pilot that follows the nearest mediating topics.,"['environmental sustainability', 'green finance', 'business performance']",How might ESG investments change sustainable development goals?,ESG investments,sustainable development goals,0.09279,3,3,3,3.4011,esg-investments-sustainable-development-goals,/questions/#FG3C000515__FG3C005535,keep,should_be_path_level_not_direct_edge,reframe_as_path_question,require_more_path_support
115,FG3C000371__FG3C005928,path_question,promote_path_question,promote,Through which nearby pathways might negative news sentiment shape price discovery?,"Nearby papers already suggest routes through liquidity, bid-ask spread, and volatility.",Start with a short synthesis or pilot that follows the nearest mediating topics.,"['liquidity', 'bid-ask spread', 'volatility']",How might negative news sentiment change price discovery?,negative news sentiment,price discovery,0.092776,3,3,3,3.4014,negative-news-sentiment-price-discovery,/questions/#FG3C000371__FG3C005928,keep,should_be_path_level_not_direct_edge,reframe_as_path_question,require_more_path_support
116,FG3C000309__FG3C004045,path_question,promote_path_question,promote,Through which nearby pathways might Massachusetts health care reform shape length of stay?,"Nearby papers already suggest routes through access to primary care, hospitals, and state Medicaid expansion status.",Start with a short synthesis or pilot that follows the nearest mediating topics.,"['access to primary care', 'hospitals', 'state Medicaid expansion status']",How might Massachusetts health care reform change length of stay?,Massachusetts health care reform,length of stay,0.089686,5,5,5,7.1017,massachusetts-health-care-reform-length-of-stay,/questions/#FG3C000309__FG3C004045,keep,should_be_path_level_not_direct_edge,reframe_as_path_question,add_path_level_candidate_object
117,FG3C004045__FG3C005027,path_question,promote_path_question,promote,Through which nearby pathways might Massachusetts health care reform shape hospitalization rates?,"Nearby papers already suggest routes through access to care, access to medical care, and access to primary care.",Start with a short synthesis or pilot that follows the nearest mediating topics.,"['access to care', 'access to medical care', 'access to primary care']",How might Massachusetts health care reform change hospitalization rates?,Massachusetts health care reform,hospitalization rates,0.086939,5,5,5,4.602,massachusetts-health-care-reform-hospitalization-rates,/questions/#FG3C004045__FG3C005027,keep,should_be_path_level_not_direct_edge,reframe_as_path_question,add_path_level_candidate_object
118,FG3C000264__FG3C004045,path_question,promote_path_question,promote,Through which nearby pathways might Massachusetts health care reform shape mortality?,"Nearby papers already suggest routes through health insurance coverage, blood pressure control, and cervical cancer screening.",Start with a short synthesis or pilot that follows the nearest mediating topics.,"['health insurance coverage', 'blood pressure control', 'cervical cancer screening']",How might Massachusetts health care reform change mortality?,Massachusetts health care reform,mortality,0.079926,6,6,6,5.2021,massachusetts-health-care-reform-mortality,/questions/#FG3C000264__FG3C004045,keep,requires_new_node_or_new_concept,reframe_as_path_question,require_more_path_support
119,FG3C000843__FG3C002591,path_question,downrank_path_question,downrank,Through which nearby pathways might health maintenance organization (HMO) shape 30-day mortality?,"Nearby papers already suggest routes through Academic medical centers, quality of care, and hospitalizations.",Treat this as a lower-priority path question unless stronger local support appears.,"['Academic medical centers', 'quality of care', 'hospitalizations']",How might health maintenance organization (HMO) change 30-day mortality?,health maintenance organization (HMO),30-day mortality,0.0789,4,4,4,6.5032,health-maintenance-organization-30-day-mortality,/questions/#FG3C000843__FG3C002591,downrank,should_be_path_level_not_direct_edge,reframe_as_path_question,require_more_path_support
120,FG3C000100__FG3C003563,mediator_question,promote_mediator_question,promote,Which nearby mechanisms most plausibly link investor sentiment to firm investment decisions?,"The main open question is which channel does the work: stocks, equity returns, and discount rates.",Start by testing which nearby channel carries the effect.,"['stocks', 'equity returns', 'discount rates']",How might investor sentiment change firm investment decisions?,investor sentiment,firm investment decisions,0.078719,4,4,4,4.0012,investor-sentiment-firm-investment-decisions,/questions/#FG3C000100__FG3C003563,keep,should_be_mediator_expansion,reframe_as_mediator_question,add_mediator_expansion_object
